Timestamp,Energy_Consumption,Temperature,Humidity,Production_Output,Machine_Status,Energy_per_Product,Working_Hour,Day_of_Week,Weekend
2025-07-01 00:00:00,9.75,22.14,50.93,119,Normal,0.0819327731092437,0,1,0
2025-07-01 00:05:00,10.64,28.02,61.63,88,High,0.12090909090909091,0,1,0
2025-07-01 00:10:00,10.92,29.38,59.82,84,High,0.13,0,1,0
2025-07-01 00:15:00,10.87,24.3,46.94,96,High,0.11322916666666666,0,1,0
2025-07-01 00:20:00,10.07,25.49,56.39,104,High,0.09682692307692307,0,1,0
2025-07-01 00:25:00,11.02,31.46,65.83,106,High,0.1039622641509434,0,1,0
2025-07-01 00:30:00,10.59,25.69,53.39,88,High,0.1203409090909091,0,1,0
2025-07-01 00:35:00,11.04,33.95,65.45,111,High,0.09945945945945946,0,1,0
2025-07-01 00:40:00,10.62,34.74,49.06,110,High,0.09654545454545453,0,1,0
2025-07-01 00:45:00,11.13,24.92,57.79,110,High,0.10118181818181819,0,1,0
2025-07-01 00:50:00,11.25,33.71,65.62,93,High,0.12096774193548387,0,1,0
2025-07-01 00:55:00,10.93,30.11,54.07,88,High,0.12420454545454546,0,1,0
2025-07-01 01:00:00,10.85,25.79,58.57,96,High,0.11302083333333333,1,1,0
2025-07-01 01:05:00,12.12,23.23,48.85,81,High,0.1496296296296296,1,1,0
2025-07-01 01:10:00,11.43,30.89,41.52,95,High,0.12031578947368421,1,1,0
2025-07-01 01:15:00,10.44,23.04,59.94,103,High,0.10135922330097087,1,1,0
2025-07-01 01:20:00,11.06,27.83,68.46,83,High,0.1332530120481928,1,1,0
2025-07-01 01:25:00,10.85,33.76,45.56,98,High,0.11071428571428571,1,1,0
2025-07-01 01:30:00,10.79,31.61,42.48,88,High,0.12261363636363636,1,1,0
2025-07-01 01:35:00,11.81,28.05,51.58,98,High,0.12051020408163265,1,1,0
2025-07-01 01:40:00,11.97,32.23,51.36,102,High,0.11735294117647059,1,1,0
2025-07-01 01:45:00,10.36,25.59,53.17,92,High,0.1126086956521739,1,1,0
2025-07-01 01:50:00,11.67,26.91,64.15,101,High,0.11554455445544555,1,1,0
2025-07-01 01:55:00,12.4,33.74,48.42,89,High,0.1393258426966292,1,1,0
2025-07-01 02:00:00,11.67,25.87,46.08,101,High,0.11554455445544555,2,1,0
2025-07-01 02:05:00,11.02,29.48,53.8,114,High,0.09666666666666666,2,1,0
2025-07-01 02:10:00,11.93,31.07,65.95,96,High,0.12427083333333333,2,1,0
2025-07-01 02:15:00,11.03,30.16,62.88,96,High,0.11489583333333332,2,1,0
2025-07-01 02:20:00,12.16,23.1,55.14,88,High,0.13818181818181818,2,1,0
2025-07-01 02:25:00,11.38,33.91,61.34,100,High,0.11380000000000001,2,1,0
2025-07-01 02:30:00,11.66,25.29,62.24,97,High,0.1202061855670103,2,1,0
2025-07-01 02:35:00,11.84,27.28,55.75,115,High,0.10295652173913043,2,1,0
2025-07-01 02:40:00,11.91,32.16,50.35,105,High,0.11342857142857143,2,1,0
2025-07-01 02:45:00,12.03,33.46,66.14,108,High,0.11138888888888888,2,1,0
2025-07-01 02:50:00,11.03,32.92,68.69,96,High,0.11489583333333332,2,1,0
2025-07-01 02:55:00,12.17,26.12,44.78,94,High,0.12946808510638297,2,1,0
2025-07-01 03:00:00,11.91,26.85,45.62,110,High,0.10827272727272727,3,1,0
2025-07-01 03:05:00,11.91,28.83,47.91,112,High,0.10633928571428572,3,1,0
2025-07-01 03:10:00,11.46,34.88,65.71,99,High,0.11575757575757577,3,1,0
2025-07-01 03:15:00,12.32,25.07,52.77,100,High,0.1232,3,1,0
2025-07-01 03:20:00,12.66,26.63,66.38,101,High,0.12534653465346535,3,1,0
2025-07-01 03:25:00,11.73,28.34,48.18,116,High,0.10112068965517242,3,1,0
2025-07-01 03:30:00,12.34,22.89,67.03,95,High,0.12989473684210526,3,1,0
2025-07-01 03:35:00,12.14,24.39,66.63,90,High,0.1348888888888889,3,1,0
2025-07-01 03:40:00,12.27,27.06,51.56,104,High,0.11798076923076922,3,1,0
2025-07-01 03:45:00,11.91,32.14,63.06,101,High,0.11792079207920793,3,1,0
2025-07-01 03:50:00,11.72,34.51,52.67,91,High,0.1287912087912088,3,1,0
2025-07-01 03:55:00,11.94,23.13,55.81,110,High,0.10854545454545454,3,1,0
2025-07-01 04:00:00,12.08,32.67,69.03,82,High,0.1473170731707317,4,1,0
2025-07-01 04:05:00,11.58,21.64,41.28,104,High,0.11134615384615384,4,1,0
2025-07-01 04:10:00,11.79,31.19,41.17,114,High,0.10342105263157894,4,1,0
2025-07-01 04:15:00,13.03,31.89,48.34,103,High,0.12650485436893202,4,1,0
2025-07-01 04:20:00,12.51,32.01,53.77,110,High,0.11372727272727272,4,1,0
2025-07-01 04:25:00,12.73,30.35,56.96,104,High,0.12240384615384615,4,1,0
2025-07-01 04:30:00,12.05,28.14,60.94,86,High,0.14011627906976745,4,1,0
2025-07-01 04:35:00,11.15,21.72,59.81,87,High,0.1281609195402299,4,1,0
2025-07-01 04:40:00,12.52,30.69,64.8,90,High,0.1391111111111111,4,1,0
2025-07-01 04:45:00,12.58,28.8,50.42,93,High,0.1352688172043011,4,1,0
2025-07-01 04:50:00,12.44,30.89,56.19,101,High,0.12316831683168317,4,1,0
2025-07-01 04:55:00,12.32,33.71,43.34,97,High,0.12701030927835052,4,1,0
2025-07-01 05:00:00,11.72,32.66,41.91,97,High,0.12082474226804124,5,1,0
2025-07-01 05:05:00,12.54,22.45,44.49,97,High,0.1292783505154639,5,1,0
2025-07-01 05:10:00,11.45,28.92,59.29,95,High,0.12052631578947368,5,1,0
2025-07-01 05:15:00,14.27,31.46,40.32,96,High,0.14864583333333334,5,1,0
2025-07-01 05:20:00,12.02,20.92,46.93,109,High,0.11027522935779815,5,1,0
2025-07-01 05:25:00,12.25,31.51,62.29,118,High,0.1038135593220339,5,1,0
2025-07-01 05:30:00,12.69,22.14,57.68,96,High,0.13218749999999999,5,1,0
2025-07-01 05:35:00,12.53,24.4,50.92,87,High,0.14402298850574713,5,1,0
2025-07-01 05:40:00,13.2,21.86,54.53,113,High,0.1168141592920354,5,1,0
2025-07-01 05:45:00,12.6,29.31,42.91,107,High,0.11775700934579439,5,1,0
2025-07-01 05:50:00,11.94,30.32,42.36,95,High,0.1256842105263158,5,1,0
2025-07-01 05:55:00,11.48,23.25,58.89,94,High,0.12212765957446808,5,1,0
2025-07-01 06:00:00,12.28,20.12,59.72,120,High,0.10233333333333333,6,1,0
2025-07-01 06:05:00,13.01,23.21,68.3,117,High,0.1111965811965812,6,1,0
2025-07-01 06:10:00,12.69,21.94,67.87,100,High,0.12689999999999999,6,1,0
2025-07-01 06:15:00,10.83,20.37,41.85,112,High,0.09669642857142857,6,1,0
2025-07-01 06:20:00,11.6,26.16,59.88,95,High,0.12210526315789473,6,1,0
2025-07-01 06:25:00,12.81,22.36,45.38,88,High,0.14556818181818182,6,1,0
2025-07-01 06:30:00,13.17,27.99,59.71,89,High,0.14797752808988765,6,1,0
2025-07-01 06:35:00,12.82,20.69,69.98,110,High,0.11654545454545455,6,1,0
2025-07-01 06:40:00,11.07,26.73,60.35,92,High,0.12032608695652174,6,1,0
2025-07-01 06:45:00,11.18,30.86,59.55,82,High,0.13634146341463416,6,1,0
2025-07-01 06:50:00,12.06,28.23,45.57,111,High,0.10864864864864865,6,1,0
2025-07-01 06:55:00,11.84,34.45,60.24,116,High,0.10206896551724137,6,1,0
2025-07-01 07:00:00,11.89,28.69,53.26,77,High,0.15441558441558442,7,1,0
2025-07-01 07:05:00,12.25,28.74,46.33,72,High,0.1701388888888889,7,1,0
2025-07-01 07:10:00,12.06,23.48,63.9,95,High,0.12694736842105264,7,1,0
2025-07-01 07:15:00,11.74,22.97,48.9,113,High,0.10389380530973452,7,1,0
2025-07-01 07:20:00,12.01,31.87,46.08,89,High,0.1349438202247191,7,1,0
2025-07-01 07:25:00,12.94,21.77,49.42,97,High,0.1334020618556701,7,1,0
2025-07-01 07:30:00,11.19,24.73,58.86,107,High,0.10457943925233644,7,1,0
2025-07-01 07:35:00,11.23,20.94,59.83,94,High,0.11946808510638299,7,1,0
2025-07-01 07:40:00,10.68,30.24,59.11,107,High,0.09981308411214954,7,1,0
2025-07-01 07:45:00,11.34,25.2,53.32,110,High,0.1030909090909091,7,1,0
2025-07-01 07:50:00,11.68,21.49,54.07,101,High,0.11564356435643564,7,1,0
2025-07-01 07:55:00,12.05,24.81,65.08,99,High,0.12171717171717172,7,1,0
2025-07-01 08:00:00,12.57,20.29,63.65,106,High,0.11858490566037735,8,1,0
2025-07-01 08:05:00,12.01,24.28,50.85,107,High,0.11224299065420561,8,1,0
2025-07-01 08:10:00,10.69,28.37,42.54,101,High,0.10584158415841584,8,1,0
2025-07-01 08:15:00,11.84,34.82,48.18,107,High,0.11065420560747663,8,1,0
2025-07-01 08:20:00,11.5,27.19,47.73,96,High,0.11979166666666667,8,1,0
2025-07-01 08:25:00,11.18,29.86,67.38,108,High,0.10351851851851851,8,1,0
2025-07-01 08:30:00,10.95,32.04,56.57,104,High,0.10528846153846153,8,1,0
2025-07-01 08:35:00,11.1,30.44,68.83,97,High,0.11443298969072165,8,1,0
2025-07-01 08:40:00,12.09,27.7,58.19,96,High,0.1259375,8,1,0
2025-07-01 08:45:00,11.69,24.78,51.6,91,High,0.12846153846153846,8,1,0
2025-07-01 08:50:00,11.32,26.31,53.66,114,High,0.0992982456140351,8,1,0
2025-07-01 08:55:00,10.77,24.36,50.54,106,High,0.10160377358490566,8,1,0
2025-07-01 09:00:00,11.16,32.49,58.97,82,High,0.13609756097560977,9,1,0
2025-07-01 09:05:00,10.59,20.42,49.9,101,High,0.10485148514851485,9,1,0
2025-07-01 09:10:00,10.44,29.53,67.52,102,High,0.10235294117647058,9,1,0
2025-07-01 09:15:00,10.98,28.91,59.43,108,High,0.10166666666666667,9,1,0
2025-07-01 09:20:00,10.84,24.01,42.36,85,High,0.1275294117647059,9,1,0
2025-07-01 09:25:00,10.93,28.59,46.36,94,High,0.11627659574468084,9,1,0
2025-07-01 09:30:00,10.62,30.54,52.35,102,High,0.10411764705882352,9,1,0
2025-07-01 09:35:00,11.1,25.55,44.45,96,High,0.11562499999999999,9,1,0
2025-07-01 09:40:00,10.89,25.65,50.64,110,High,0.099,9,1,0
2025-07-01 09:45:00,10.52,21.15,67.92,99,High,0.10626262626262625,9,1,0
2025-07-01 09:50:00,9.96,33.12,62.07,98,Normal,0.1016326530612245,9,1,0
2025-07-01 09:55:00,11.11,26.11,56.39,93,High,0.11946236559139785,9,1,0
2025-07-01 10:00:00,9.61,27.61,43.37,103,Normal,0.0933009708737864,10,1,0
2025-07-01 10:05:00,9.4,29.47,41.04,97,Normal,0.09690721649484536,10,1,0
2025-07-01 10:10:00,10.85,21.39,61.51,103,High,0.10533980582524272,10,1,0
2025-07-01 10:15:00,11.01,24.59,50.33,115,High,0.0957391304347826,10,1,0
2025-07-01 10:20:00,10.01,23.89,44.53,93,High,0.10763440860215054,10,1,0
2025-07-01 10:25:00,10.57,20.54,47.53,99,High,0.10676767676767678,10,1,0
2025-07-01 10:30:00,10.42,22.82,69.07,118,High,0.08830508474576271,10,1,0
2025-07-01 10:35:00,9.02,32.97,61.15,85,Normal,0.10611764705882352,10,1,0
2025-07-01 10:40:00,10.26,26.38,51.86,107,High,0.09588785046728972,10,1,0
2025-07-01 10:45:00,9.33,27.54,67.49,88,Normal,0.10602272727272727,10,1,0
2025-07-01 10:50:00,10.45,20.79,69.42,115,High,0.0908695652173913,10,1,0
2025-07-01 10:55:00,10.59,27.57,48.38,104,High,0.10182692307692308,10,1,0
2025-07-01 11:00:00,9.62,21.83,56.57,92,Normal,0.10456521739130434,11,1,0
2025-07-01 11:05:00,9.9,21.71,43.07,105,Normal,0.09428571428571429,11,1,0
2025-07-01 11:10:00,9.61,34.88,69.21,86,Normal,0.11174418604651162,11,1,0
2025-07-01 11:15:00,9.88,27.68,46.35,99,Normal,0.0997979797979798,11,1,0
2025-07-01 11:20:00,8.91,32.56,54.5,112,Normal,0.07955357142857143,11,1,0
2025-07-01 11:25:00,9.99,29.77,53.72,93,Normal,0.10741935483870968,11,1,0
2025-07-01 11:30:00,9.36,22.98,45.0,106,Normal,0.08830188679245282,11,1,0
2025-07-01 11:35:00,8.82,23.39,59.71,96,Normal,0.091875,11,1,0
2025-07-01 11:40:00,9.45,25.4,69.39,118,Normal,0.08008474576271186,11,1,0
2025-07-01 11:45:00,9.31,29.33,42.45,89,Normal,0.1046067415730337,11,1,0
2025-07-01 11:50:00,9.58,25.03,50.36,109,Normal,0.08788990825688073,11,1,0
2025-07-01 11:55:00,9.12,23.13,42.62,108,Normal,0.08444444444444443,11,1,0
2025-07-01 12:00:00,9.04,28.36,44.55,101,Normal,0.0895049504950495,12,1,0
2025-07-01 12:05:00,8.75,32.67,45.33,115,Normal,0.07608695652173914,12,1,0
2025-07-01 12:10:00,8.64,29.33,60.47,81,Normal,0.10666666666666667,12,1,0
2025-07-01 12:15:00,10.28,29.06,47.73,101,High,0.10178217821782178,12,1,0
2025-07-01 12:20:00,9.56,34.04,66.53,96,Normal,0.09958333333333334,12,1,0
2025-07-01 12:25:00,9.34,30.44,69.44,104,Normal,0.08980769230769231,12,1,0
2025-07-01 12:30:00,8.34,30.83,69.34,105,Normal,0.07942857142857143,12,1,0
2025-07-01 12:35:00,8.92,28.88,49.67,101,Normal,0.08831683168316831,12,1,0
2025-07-01 12:40:00,10.02,23.77,43.48,104,High,0.09634615384615385,12,1,0
2025-07-01 12:45:00,8.25,28.44,52.03,85,Normal,0.09705882352941177,12,1,0
2025-07-01 12:50:00,8.54,32.28,50.18,91,Normal,0.09384615384615384,12,1,0
2025-07-01 12:55:00,8.43,22.9,67.85,98,Normal,0.0860204081632653,12,1,0
2025-07-01 13:00:00,8.48,31.89,64.82,103,Normal,0.08233009708737865,13,1,0
2025-07-01 13:05:00,9.83,25.32,67.41,116,Normal,0.08474137931034482,13,1,0
2025-07-01 13:10:00,9.25,21.89,54.0,111,Normal,0.08333333333333333,13,1,0
2025-07-01 13:15:00,8.75,29.59,44.88,81,Normal,0.10802469135802469,13,1,0
2025-07-01 13:20:00,8.33,26.61,62.68,108,Normal,0.07712962962962963,13,1,0
2025-07-01 13:25:00,8.93,32.65,60.83,104,Normal,0.08586538461538461,13,1,0
2025-07-01 13:30:00,8.69,29.18,66.29,106,Normal,0.0819811320754717,13,1,0
2025-07-01 13:35:00,8.57,31.73,50.95,113,Normal,0.07584070796460177,13,1,0
2025-07-01 13:40:00,8.17,25.52,54.94,96,Normal,0.08510416666666666,13,1,0
2025-07-01 13:45:00,8.59,25.01,45.69,117,Normal,0.07341880341880341,13,1,0
2025-07-01 13:50:00,9.22,26.65,67.34,109,Normal,0.08458715596330275,13,1,0
2025-07-01 13:55:00,9.1,33.55,53.65,121,Normal,0.07520661157024792,13,1,0
2025-07-01 14:00:00,8.35,24.35,56.54,101,Normal,0.08267326732673266,14,1,0
2025-07-01 14:05:00,7.43,33.34,54.11,106,Normal,0.07009433962264151,14,1,0
2025-07-01 14:10:00,8.53,28.18,46.56,92,Normal,0.09271739130434782,14,1,0
2025-07-01 14:15:00,7.98,24.58,62.7,98,Normal,0.08142857142857143,14,1,0
2025-07-01 14:20:00,9.04,30.48,59.23,80,Normal,0.11299999999999999,14,1,0
2025-07-01 14:25:00,8.08,20.68,59.36,96,Normal,0.08416666666666667,14,1,0
2025-07-01 14:30:00,7.93,21.87,53.56,99,Normal,0.0801010101010101,14,1,0
2025-07-01 14:35:00,8.86,21.92,44.09,98,Normal,0.09040816326530611,14,1,0
2025-07-01 14:40:00,8.44,21.08,59.47,106,Normal,0.07962264150943396,14,1,0
2025-07-01 14:45:00,7.68,20.81,53.54,112,Normal,0.06857142857142857,14,1,0
2025-07-01 14:50:00,8.73,29.57,52.33,99,Normal,0.08818181818181818,14,1,0
2025-07-01 14:55:00,7.89,31.46,60.36,96,Normal,0.0821875,14,1,0
2025-07-01 15:00:00,7.5,23.44,60.82,102,Normal,0.07352941176470588,15,1,0
2025-07-01 15:05:00,8.39,20.86,58.64,92,Normal,0.09119565217391305,15,1,0
2025-07-01 15:10:00,9.3,26.23,53.45,96,Normal,0.096875,15,1,0
2025-07-01 15:15:00,8.11,23.15,50.88,105,Normal,0.07723809523809523,15,1,0
2025-07-01 15:20:00,8.22,29.94,69.44,95,Normal,0.08652631578947369,15,1,0
2025-07-01 15:25:00,7.72,20.08,57.33,94,Normal,0.08212765957446808,15,1,0
2025-07-01 15:30:00,7.53,34.02,44.68,99,Normal,0.07606060606060606,15,1,0
2025-07-01 15:35:00,8.05,29.0,51.64,101,Normal,0.0797029702970297,15,1,0
2025-07-01 15:40:00,9.32,26.6,51.03,123,Normal,0.07577235772357724,15,1,0
2025-07-01 15:45:00,8.53,26.17,67.06,120,Normal,0.07108333333333333,15,1,0
2025-07-01 15:50:00,8.87,29.54,40.38,100,Normal,0.08869999999999999,15,1,0
2025-07-01 15:55:00,8.45,33.84,61.68,91,Normal,0.09285714285714285,15,1,0
2025-07-01 16:00:00,8.09,23.39,51.72,107,Normal,0.07560747663551402,16,1,0
2025-07-01 16:05:00,8.61,21.47,52.63,96,Normal,0.08968749999999999,16,1,0
2025-07-01 16:10:00,8.82,22.13,58.87,108,Normal,0.08166666666666667,16,1,0
2025-07-01 16:15:00,9.2,25.54,59.16,102,Normal,0.09019607843137255,16,1,0
2025-07-01 16:20:00,7.68,20.62,41.45,120,Normal,0.064,16,1,0
2025-07-01 16:25:00,7.85,31.95,67.79,86,Normal,0.09127906976744185,16,1,0
2025-07-01 16:30:00,7.68,20.92,56.9,113,Normal,0.0679646017699115,16,1,0
2025-07-01 16:35:00,8.41,30.13,56.95,89,Normal,0.09449438202247191,16,1,0
2025-07-01 16:40:00,9.58,31.25,55.36,100,Normal,0.0958,16,1,0
2025-07-01 16:45:00,8.78,31.07,56.02,103,Normal,0.08524271844660193,16,1,0
2025-07-01 16:50:00,8.32,32.75,57.2,100,Normal,0.0832,16,1,0
2025-07-01 16:55:00,9.06,25.41,55.98,99,Normal,0.09151515151515152,16,1,0
2025-07-01 17:00:00,8.64,30.83,55.86,109,Normal,0.07926605504587156,17,1,0
2025-07-01 17:05:00,8.72,20.62,53.95,100,Normal,0.0872,17,1,0
2025-07-01 17:10:00,9.05,20.76,64.42,101,Normal,0.08960396039603961,17,1,0
2025-07-01 17:15:00,8.71,34.23,44.8,90,Normal,0.09677777777777778,17,1,0
2025-07-01 17:20:00,9.55,24.92,42.03,102,Normal,0.09362745098039216,17,1,0
2025-07-01 17:25:00,8.65,22.72,49.22,108,Normal,0.08009259259259259,17,1,0
2025-07-01 17:30:00,9.98,28.89,45.29,101,Normal,0.09881188118811882,17,1,0
2025-07-01 17:35:00,9.87,28.16,47.8,86,Normal,0.11476744186046511,17,1,0
2025-07-01 17:40:00,8.4,21.75,59.93,95,Normal,0.08842105263157896,17,1,0
2025-07-01 17:45:00,8.87,30.48,60.72,103,Normal,0.08611650485436892,17,1,0
2025-07-01 17:50:00,8.72,33.45,42.44,118,Normal,0.07389830508474576,17,1,0
2025-07-01 17:55:00,9.82,29.52,57.87,110,Normal,0.08927272727272728,17,1,0
2025-07-01 18:00:00,10.28,32.33,51.1,90,High,0.11422222222222221,18,1,0
2025-07-01 18:05:00,9.5,31.65,52.73,102,Normal,0.09313725490196079,18,1,0
2025-07-01 18:10:00,9.42,26.28,54.99,92,Normal,0.10239130434782609,18,1,0
2025-07-01 18:15:00,9.56,34.45,52.58,103,Normal,0.09281553398058252,18,1,0
2025-07-01 18:20:00,8.5,33.61,63.76,113,Normal,0.0752212389380531,18,1,0
2025-07-01 18:25:00,9.27,29.36,50.29,112,Normal,0.08276785714285714,18,1,0
2025-07-01 18:30:00,9.46,32.25,63.2,99,Normal,0.09555555555555556,18,1,0
2025-07-01 18:35:00,9.39,32.74,48.21,94,Normal,0.0998936170212766,18,1,0
2025-07-01 18:40:00,9.16,33.63,63.99,105,Normal,0.08723809523809524,18,1,0
2025-07-01 18:45:00,10.01,29.76,62.33,102,High,0.09813725490196078,18,1,0
2025-07-01 18:50:00,9.55,32.05,63.45,112,Normal,0.08526785714285715,18,1,0
2025-07-01 18:55:00,9.84,31.28,68.32,105,Normal,0.09371428571428571,18,1,0
2025-07-01 19:00:00,9.49,28.99,41.34,94,Normal,0.10095744680851064,19,1,0
2025-07-01 19:05:00,8.71,20.34,40.79,92,Normal,0.09467391304347827,19,1,0
2025-07-01 19:10:00,10.89,21.29,49.38,97,High,0.11226804123711341,19,1,0
2025-07-01 19:15:00,9.5,24.69,42.73,101,Normal,0.09405940594059406,19,1,0
2025-07-01 19:20:00,10.07,27.99,59.35,104,High,0.09682692307692307,19,1,0
2025-07-01 19:25:00,10.31,21.8,62.07,89,High,0.11584269662921348,19,1,0
2025-07-01 19:30:00,10.02,29.69,47.69,103,High,0.09728155339805825,19,1,0
2025-07-01 19:35:00,10.24,23.89,67.69,113,High,0.09061946902654867,19,1,0
2025-07-01 19:40:00,9.72,28.06,66.65,96,Normal,0.10125,19,1,0
2025-07-01 19:45:00,9.79,34.1,52.68,105,Normal,0.09323809523809523,19,1,0
2025-07-01 19:50:00,10.8,20.22,66.6,113,High,0.09557522123893807,19,1,0
2025-07-01 19:55:00,10.22,25.69,64.58,102,High,0.10019607843137256,19,1,0
2025-07-01 00:00:00,14.96,24.33,40.72,95,High,0.15747368421052632,0,1,0
2025-07-01 00:05:00,15.22,22.61,52.42,83,High,0.18337349397590363,0,1,0
2025-07-01 00:10:00,14.17,31.79,53.69,93,High,0.15236559139784947,0,1,0
2025-07-01 00:15:00,14.89,23.94,46.59,118,High,0.1261864406779661,0,1,0
2025-07-01 00:20:00,16.04,22.91,41.18,97,High,0.16536082474226804,0,1,0
2025-07-01 00:25:00,15.34,23.62,65.76,119,High,0.1289075630252101,0,1,0
2025-07-01 00:30:00,15.27,23.55,60.97,97,High,0.15742268041237112,0,1,0
2025-07-01 00:35:00,16.42,25.48,69.51,83,High,0.19783132530120484,0,1,0
2025-07-01 00:40:00,16.14,23.72,59.86,109,High,0.14807339449541285,0,1,0
2025-07-01 00:45:00,15.05,21.04,55.63,88,High,0.17102272727272727,0,1,0
2025-07-01 00:50:00,14.67,27.69,45.86,115,High,0.12756521739130436,0,1,0
2025-07-01 00:55:00,16.12,33.51,55.69,102,High,0.15803921568627452,0,1,0
2025-07-01 01:00:00,17.06,33.6,44.85,100,High,0.17059999999999997,1,1,0
2025-07-01 01:05:00,15.85,25.02,65.8,92,High,0.17228260869565218,1,1,0
2025-07-01 01:10:00,16.53,29.5,65.22,112,High,0.14758928571428573,1,1,0
2025-07-01 01:15:00,14.8,32.87,51.87,124,High,0.11935483870967742,1,1,0
2025-07-01 01:20:00,16.64,34.71,68.73,105,High,0.1584761904761905,1,1,0
2025-07-01 01:25:00,16.63,20.19,48.55,108,High,0.15398148148148147,1,1,0
2025-07-01 01:30:00,15.9,21.57,68.1,81,High,0.1962962962962963,1,1,0
2025-07-01 01:35:00,15.74,32.52,59.97,79,High,0.19924050632911391,1,1,0
2025-07-01 01:40:00,15.98,34.19,65.76,96,High,0.16645833333333335,1,1,0
2025-07-01 01:45:00,15.8,25.48,60.38,100,High,0.158,1,1,0
2025-07-01 01:50:00,17.21,25.07,43.46,101,High,0.1703960396039604,1,1,0
2025-07-01 01:55:00,17.1,28.7,50.33,83,High,0.2060240963855422,1,1,0
2025-07-01 02:00:00,14.98,30.64,43.96,96,High,0.15604166666666666,2,1,0
2025-07-01 02:05:00,15.53,32.7,46.95,81,High,0.1917283950617284,2,1,0
2025-07-01 02:10:00,16.66,34.81,48.8,109,High,0.15284403669724772,2,1,0
2025-07-01 02:15:00,16.14,34.39,68.73,104,High,0.15519230769230768,2,1,0
2025-07-01 02:20:00,16.21,20.84,41.99,82,High,0.1976829268292683,2,1,0
2025-07-01 02:25:00,17.04,23.08,49.95,98,High,0.17387755102040817,2,1,0
2025-07-01 02:30:00,16.51,31.21,44.66,108,High,0.15287037037037038,2,1,0
2025-07-01 02:35:00,16.02,29.02,61.59,94,High,0.17042553191489362,2,1,0
2025-07-01 02:40:00,17.21,30.25,60.39,105,High,0.16390476190476191,2,1,0
2025-07-01 02:45:00,17.82,30.84,46.24,97,High,0.18371134020618557,2,1,0
2025-07-01 02:50:00,17.65,28.79,46.23,104,High,0.16971153846153844,2,1,0
2025-07-01 02:55:00,18.05,32.85,69.74,100,High,0.1805,2,1,0
2025-07-01 03:00:00,17.07,24.91,54.37,86,High,0.19848837209302325,3,1,0
2025-07-01 03:05:00,16.58,22.51,60.63,111,High,0.14936936936936934,3,1,0
2025-07-01 03:10:00,17.98,26.7,41.11,116,High,0.155,3,1,0
2025-07-01 03:15:00,17.22,24.47,59.94,111,High,0.15513513513513513,3,1,0
2025-07-01 03:20:00,16.96,27.05,64.54,119,High,0.14252100840336135,3,1,0
2025-07-01 03:25:00,17.42,29.45,64.49,76,High,0.2292105263157895,3,1,0
2025-07-01 03:30:00,16.98,20.23,48.02,93,High,0.18258064516129033,3,1,0
2025-07-01 03:35:00,18.8,25.1,41.73,98,High,0.19183673469387755,3,1,0
2025-07-01 03:40:00,17.25,25.34,48.33,109,High,0.15825688073394495,3,1,0
2025-07-01 03:45:00,16.84,32.38,58.84,78,High,0.2158974358974359,3,1,0
2025-07-01 03:50:00,17.65,25.47,54.37,102,High,0.1730392156862745,3,1,0
2025-07-01 03:55:00,17.0,33.92,49.6,86,High,0.19767441860465115,3,1,0
2025-07-01 04:00:00,18.51,25.72,69.95,100,High,0.18510000000000001,4,1,0
2025-07-01 04:05:00,17.13,27.85,62.38,86,High,0.19918604651162788,4,1,0
2025-07-01 04:10:00,17.15,30.47,61.11,89,High,0.19269662921348313,4,1,0
2025-07-01 04:15:00,18.29,26.72,44.22,97,High,0.18855670103092784,4,1,0
2025-07-01 04:20:00,19.79,22.15,53.3,102,High,0.19401960784313724,4,1,0
2025-07-01 04:25:00,18.02,32.95,40.39,102,High,0.17666666666666667,4,1,0
2025-07-01 04:30:00,18.89,32.07,53.04,104,High,0.1816346153846154,4,1,0
2025-07-01 04:35:00,19.12,25.57,60.09,121,High,0.15801652892561985,4,1,0
2025-07-01 04:40:00,17.49,34.96,61.23,93,High,0.18806451612903224,4,1,0
2025-07-01 04:45:00,18.47,31.37,60.48,88,High,0.20988636363636362,4,1,0
2025-07-01 04:50:00,17.7,34.8,42.22,91,High,0.1945054945054945,4,1,0
2025-07-01 04:55:00,17.85,24.65,45.01,104,High,0.17163461538461539,4,1,0
2025-07-01 05:00:00,18.78,22.29,50.32,113,High,0.16619469026548672,5,1,0
2025-07-01 05:05:00,17.86,24.52,52.36,95,High,0.188,5,1,0
2025-07-01 05:10:00,19.39,22.63,62.49,98,High,0.19785714285714287,5,1,0
2025-07-01 05:15:00,18.9,20.86,45.63,108,High,0.175,5,1,0
2025-07-01 05:20:00,17.89,31.19,54.61,101,High,0.17712871287128715,5,1,0
2025-07-01 05:25:00,18.01,22.54,57.96,97,High,0.18567010309278353,5,1,0
2025-07-01 05:30:00,18.81,21.11,67.06,93,High,0.20225806451612902,5,1,0
2025-07-01 05:35:00,17.49,33.32,48.61,104,High,0.1681730769230769,5,1,0
2025-07-01 05:40:00,17.15,27.86,64.04,95,High,0.18052631578947367,5,1,0
2025-07-01 05:45:00,17.03,23.92,51.09,110,High,0.15481818181818183,5,1,0
2025-07-01 05:50:00,19.27,21.78,47.25,100,High,0.19269999999999998,5,1,0
2025-07-01 05:55:00,18.4,32.93,53.61,97,High,0.18969072164948453,5,1,0
2025-07-01 06:00:00,18.42,20.22,64.15,100,High,0.18420000000000003,6,1,0
2025-07-01 06:05:00,18.05,26.86,47.13,95,High,0.19,6,1,0
2025-07-01 06:10:00,17.29,33.61,54.5,89,High,0.1942696629213483,6,1,0
2025-07-01 06:15:00,17.72,21.52,67.17,113,High,0.15681415929203538,6,1,0
2025-07-01 06:20:00,16.62,21.72,43.65,90,High,0.18466666666666667,6,1,0
2025-07-01 06:25:00,16.76,33.3,47.21,112,High,0.14964285714285716,6,1,0
2025-07-01 06:30:00,16.54,26.33,54.57,99,High,0.16707070707070706,6,1,0
2025-07-01 06:35:00,17.01,24.46,49.89,101,High,0.16841584158415843,6,1,0
2025-07-01 06:40:00,17.53,28.14,60.44,104,High,0.16855769230769233,6,1,0
2025-07-01 06:45:00,17.77,22.58,60.66,101,High,0.17594059405940593,6,1,0
2025-07-01 06:50:00,16.26,25.88,42.32,107,High,0.15196261682242992,6,1,0
2025-07-01 06:55:00,17.27,29.91,42.02,87,High,0.1985057471264368,6,1,0
2025-07-01 07:00:00,17.63,22.28,49.61,105,High,0.1679047619047619,7,1,0
2025-07-01 07:05:00,17.22,32.58,52.36,104,High,0.16557692307692307,7,1,0
2025-07-01 07:10:00,16.92,27.82,44.39,87,High,0.19448275862068967,7,1,0
2025-07-01 07:15:00,18.09,23.32,41.28,126,High,0.14357142857142857,7,1,0
2025-07-01 07:20:00,17.21,21.6,40.24,107,High,0.16084112149532712,7,1,0
2025-07-01 07:25:00,17.04,21.45,65.96,114,High,0.14947368421052631,7,1,0
2025-07-01 07:30:00,16.67,27.55,67.59,81,High,0.2058024691358025,7,1,0
2025-07-01 07:35:00,17.46,22.2,54.1,91,High,0.19186813186813187,7,1,0
2025-07-01 07:40:00,17.11,23.82,66.32,97,High,0.1763917525773196,7,1,0
2025-07-01 07:45:00,15.91,24.25,64.04,98,High,0.1623469387755102,7,1,0
2025-07-01 07:50:00,16.81,21.59,61.19,102,High,0.16480392156862744,7,1,0
2025-07-01 07:55:00,16.09,27.61,53.09,109,High,0.14761467889908256,7,1,0
2025-07-01 08:00:00,16.75,23.41,65.02,90,High,0.18611111111111112,8,1,0
2025-07-01 08:05:00,15.15,33.61,55.02,113,High,0.134070796460177,8,1,0
2025-07-01 08:10:00,16.27,33.76,45.22,116,High,0.14025862068965517,8,1,0
2025-07-01 08:15:00,17.01,21.91,57.21,107,High,0.15897196261682245,8,1,0
2025-07-01 08:20:00,15.66,23.08,40.98,88,High,0.17795454545454545,8,1,0
2025-07-01 08:25:00,15.74,26.3,62.76,94,High,0.1674468085106383,8,1,0
2025-07-01 08:30:00,16.39,26.32,52.34,92,High,0.17815217391304347,8,1,0
2025-07-01 08:35:00,16.45,22.15,50.32,108,High,0.15231481481481482,8,1,0
2025-07-01 08:40:00,15.56,34.72,43.46,107,High,0.14542056074766355,8,1,0
2025-07-01 08:45:00,16.51,29.53,43.87,107,High,0.15429906542056077,8,1,0
2025-07-01 08:50:00,15.96,20.82,55.78,97,High,0.16453608247422682,8,1,0
2025-07-01 08:55:00,14.75,33.71,40.57,98,High,0.15051020408163265,8,1,0
2025-07-01 09:00:00,14.84,30.34,65.34,102,High,0.14549019607843136,9,1,0
2025-07-01 09:05:00,14.93,31.4,44.21,84,High,0.17773809523809522,9,1,0
2025-07-01 09:10:00,15.28,33.44,40.51,97,High,0.1575257731958763,9,1,0
2025-07-01 09:15:00,14.6,34.63,63.3,109,High,0.13394495412844037,9,1,0
2025-07-01 09:20:00,14.8,26.84,57.18,93,High,0.15913978494623657,9,1,0
2025-07-01 09:25:00,15.02,23.13,68.5,84,High,0.1788095238095238,9,1,0
2025-07-01 09:30:00,14.78,30.34,66.29,90,High,0.16422222222222221,9,1,0
2025-07-01 09:35:00,16.0,20.98,45.51,104,High,0.15384615384615385,9,1,0
2025-07-01 09:40:00,13.72,34.27,46.53,92,High,0.1491304347826087,9,1,0
2025-07-01 09:45:00,15.01,29.88,61.31,87,High,0.1725287356321839,9,1,0
2025-07-01 09:50:00,14.82,33.56,58.83,99,High,0.1496969696969697,9,1,0
2025-07-01 09:55:00,15.13,33.39,45.03,87,High,0.1739080459770115,9,1,0
2025-07-01 10:00:00,14.98,26.05,49.35,108,High,0.13870370370370372,10,1,0
2025-07-01 10:05:00,14.24,27.15,42.91,93,High,0.15311827956989246,10,1,0
2025-07-01 10:10:00,13.79,32.22,58.49,106,High,0.1300943396226415,10,1,0
2025-07-01 10:15:00,12.9,26.58,69.24,106,High,0.12169811320754717,10,1,0
2025-07-01 10:20:00,13.81,25.92,48.93,113,High,0.12221238938053097,10,1,0
2025-07-01 10:25:00,13.73,30.58,54.46,96,High,0.14302083333333335,10,1,0
2025-07-01 10:30:00,13.44,33.42,61.68,90,High,0.14933333333333332,10,1,0
2025-07-01 10:35:00,13.56,32.54,54.28,85,High,0.1595294117647059,10,1,0
2025-07-01 10:40:00,13.94,24.69,61.08,90,High,0.15488888888888888,10,1,0
2025-07-01 10:45:00,14.47,21.93,53.5,107,High,0.1352336448598131,10,1,0
2025-07-01 10:50:00,14.17,30.89,49.03,93,High,0.15236559139784947,10,1,0
2025-07-01 10:55:00,13.97,30.16,69.05,87,High,0.16057471264367817,10,1,0
2025-07-01 11:00:00,13.94,21.84,57.04,109,High,0.12788990825688074,11,1,0
2025-07-01 11:05:00,14.75,25.09,44.95,110,High,0.1340909090909091,11,1,0
2025-07-01 11:10:00,14.2,25.43,54.32,107,High,0.13271028037383176,11,1,0
2025-07-01 11:15:00,13.84,32.17,40.74,88,High,0.15727272727272726,11,1,0
2025-07-01 11:20:00,14.87,27.49,65.13,101,High,0.14722772277227722,11,1,0
2025-07-01 11:25:00,12.7,23.8,60.65,98,High,0.12959183673469388,11,1,0
2025-07-01 11:30:00,14.0,24.57,42.81,110,High,0.12727272727272726,11,1,0
2025-07-01 11:35:00,14.16,32.37,49.87,88,High,0.16090909090909092,11,1,0
2025-07-01 11:40:00,13.01,34.41,63.5,92,High,0.14141304347826086,11,1,0
2025-07-01 11:45:00,14.12,32.58,54.02,102,High,0.1384313725490196,11,1,0
2025-07-01 11:50:00,13.68,34.3,42.53,97,High,0.14103092783505156,11,1,0
2025-07-01 11:55:00,12.39,23.1,66.32,108,High,0.11472222222222223,11,1,0
2025-07-01 12:00:00,13.35,34.86,64.58,100,High,0.1335,12,1,0
2025-07-01 12:05:00,12.82,24.66,62.82,101,High,0.12693069306930693,12,1,0
2025-07-01 12:10:00,12.11,32.88,63.72,92,High,0.1316304347826087,12,1,0
2025-07-01 12:15:00,12.35,26.68,44.3,95,High,0.13,12,1,0
2025-07-01 12:20:00,12.73,31.33,54.97,110,High,0.11572727272727273,12,1,0
2025-07-01 12:25:00,12.89,33.35,47.96,91,High,0.14164835164835166,12,1,0
2025-07-01 12:30:00,12.06,20.84,46.83,95,High,0.12694736842105264,12,1,0
2025-07-01 12:35:00,12.99,21.62,55.57,109,High,0.1191743119266055,12,1,0
2025-07-01 12:40:00,13.07,22.77,47.5,123,High,0.10626016260162602,12,1,0
2025-07-01 12:45:00,12.94,33.25,50.7,98,High,0.1320408163265306,12,1,0
2025-07-01 12:50:00,13.23,26.7,54.19,114,High,0.11605263157894737,12,1,0
2025-07-01 12:55:00,12.15,28.0,55.13,101,High,0.1202970297029703,12,1,0
2025-07-01 13:00:00,12.18,21.75,62.62,96,High,0.126875,13,1,0
2025-07-01 13:05:00,13.29,32.73,53.22,94,High,0.14138297872340425,13,1,0
2025-07-01 13:10:00,11.51,33.97,61.19,105,High,0.10961904761904762,13,1,0
2025-07-01 13:15:00,10.97,26.84,56.26,94,High,0.11670212765957448,13,1,0
2025-07-01 13:20:00,12.67,32.75,48.44,93,High,0.13623655913978494,13,1,0
2025-07-01 13:25:00,12.29,29.44,40.58,74,High,0.16608108108108108,13,1,0
2025-07-01 13:30:00,12.15,22.98,64.18,106,High,0.11462264150943396,13,1,0
2025-07-01 13:35:00,11.71,26.16,58.35,113,High,0.1036283185840708,13,1,0
2025-07-01 13:40:00,12.34,24.02,49.36,104,High,0.11865384615384615,13,1,0
2025-07-01 13:45:00,12.64,20.19,42.0,103,High,0.12271844660194176,13,1,0
2025-07-01 13:50:00,11.68,28.65,54.77,108,High,0.10814814814814815,13,1,0
2025-07-01 13:55:00,11.9,32.48,47.97,120,High,0.09916666666666667,13,1,0
2025-07-01 14:00:00,10.46,21.33,69.55,89,High,0.11752808988764046,14,1,0
2025-07-01 14:05:00,11.68,29.17,55.39,106,High,0.11018867924528301,14,1,0
2025-07-01 14:10:00,11.54,20.41,68.91,107,High,0.10785046728971961,14,1,0
2025-07-01 14:15:00,12.86,31.57,55.92,113,High,0.11380530973451326,14,1,0
2025-07-01 14:20:00,11.34,27.2,60.53,106,High,0.10698113207547169,14,1,0
2025-07-01 14:25:00,12.39,30.78,59.66,82,High,0.15109756097560975,14,1,0
2025-07-01 14:30:00,12.02,25.24,62.48,99,High,0.1214141414141414,14,1,0
2025-07-01 14:35:00,11.73,21.17,59.07,97,High,0.12092783505154639,14,1,0
2025-07-01 14:40:00,11.92,27.62,55.55,98,High,0.12163265306122449,14,1,0
2025-07-01 14:45:00,11.92,31.46,68.82,106,High,0.11245283018867924,14,1,0
2025-07-01 14:50:00,11.1,29.11,56.34,75,High,0.148,14,1,0
2025-07-01 14:55:00,12.98,31.05,60.77,99,High,0.13111111111111112,14,1,0
2025-07-01 15:00:00,10.29,25.77,44.56,103,High,0.09990291262135921,15,1,0
2025-07-01 15:05:00,12.77,22.9,59.02,114,High,0.11201754385964911,15,1,0
2025-07-01 15:10:00,11.89,21.4,42.16,102,High,0.1165686274509804,15,1,0
2025-07-01 15:15:00,11.33,29.76,60.54,89,High,0.12730337078651685,15,1,0
2025-07-01 15:20:00,11.79,20.39,67.99,94,High,0.1254255319148936,15,1,0
2025-07-01 15:25:00,12.74,22.33,58.64,118,High,0.10796610169491526,15,1,0
2025-07-01 15:30:00,10.77,27.4,42.2,108,High,0.09972222222222221,15,1,0
2025-07-01 15:35:00,11.39,23.2,47.42,100,High,0.1139,15,1,0
2025-07-01 15:40:00,11.05,31.71,45.25,99,High,0.11161616161616163,15,1,0
2025-07-01 15:45:00,13.07,24.59,42.49,105,High,0.12447619047619048,15,1,0
2025-07-01 15:50:00,11.45,31.56,66.7,102,High,0.1122549019607843,15,1,0
2025-07-01 15:55:00,11.82,25.57,56.54,104,High,0.11365384615384616,15,1,0
2025-07-01 16:00:00,13.46,29.25,64.67,103,High,0.13067961165048544,16,1,0
2025-07-01 16:05:00,13.83,25.8,42.33,114,High,0.12131578947368421,16,1,0
2025-07-01 16:10:00,11.9,20.09,46.46,97,High,0.12268041237113403,16,1,0
2025-07-01 16:15:00,11.75,27.68,67.38,94,High,0.125,16,1,0
2025-07-01 16:20:00,12.91,22.05,58.14,105,High,0.12295238095238095,16,1,0
2025-07-01 16:25:00,11.9,33.73,55.24,111,High,0.10720720720720721,16,1,0
2025-07-01 16:30:00,10.98,23.76,68.52,111,High,0.09891891891891892,16,1,0
2025-07-01 16:35:00,12.0,34.6,59.65,101,High,0.1188118811881188,16,1,0
2025-07-01 16:40:00,11.14,21.46,68.75,110,High,0.10127272727272728,16,1,0
2025-07-01 16:45:00,13.34,27.68,42.35,103,High,0.12951456310679613,16,1,0
2025-07-01 16:50:00,12.03,20.92,48.28,91,High,0.1321978021978022,16,1,0
2025-07-01 16:55:00,13.05,34.31,68.96,105,High,0.12428571428571429,16,1,0
2025-07-01 17:00:00,12.1,20.33,46.4,95,High,0.12736842105263158,17,1,0
2025-07-01 17:05:00,12.68,22.48,52.66,106,High,0.11962264150943396,17,1,0
2025-07-01 17:10:00,12.73,25.9,52.4,81,High,0.1571604938271605,17,1,0
2025-07-01 17:15:00,12.74,31.7,56.92,94,High,0.13553191489361702,17,1,0
2025-07-01 17:20:00,13.26,30.89,52.07,94,High,0.14106382978723403,17,1,0
2025-07-01 17:25:00,14.02,24.63,59.5,88,High,0.1593181818181818,17,1,0
2025-07-01 17:30:00,13.31,33.14,65.19,91,High,0.14626373626373626,17,1,0
2025-07-01 17:35:00,13.34,20.09,44.35,111,High,0.12018018018018017,17,1,0
2025-07-01 17:40:00,12.69,29.75,57.84,95,High,0.13357894736842105,17,1,0
2025-07-01 17:45:00,11.45,21.09,45.22,100,High,0.11449999999999999,17,1,0
2025-07-01 17:50:00,11.53,21.45,41.9,95,High,0.12136842105263157,17,1,0
2025-07-01 17:55:00,12.04,34.78,46.34,106,High,0.11358490566037735,17,1,0
2025-07-01 18:00:00,13.56,25.52,65.66,96,High,0.14125000000000001,18,1,0
2025-07-01 18:05:00,13.53,34.81,61.85,103,High,0.13135922330097086,18,1,0
2025-07-01 18:10:00,13.03,32.94,52.38,93,High,0.14010752688172043,18,1,0
2025-07-01 18:15:00,13.48,21.98,61.66,102,High,0.13215686274509805,18,1,0
2025-07-01 18:20:00,14.77,22.7,45.79,100,High,0.1477,18,1,0
2025-07-01 18:25:00,12.62,30.66,66.98,97,High,0.13010309278350515,18,1,0
2025-07-01 18:30:00,14.01,33.4,47.8,86,High,0.16290697674418606,18,1,0
2025-07-01 18:35:00,12.8,29.35,66.48,89,High,0.14382022471910114,18,1,0
2025-07-01 18:40:00,14.72,25.97,60.5,97,High,0.15175257731958763,18,1,0
2025-07-01 18:45:00,13.68,23.7,50.36,96,High,0.1425,18,1,0
2025-07-01 18:50:00,14.41,32.19,68.7,97,High,0.14855670103092783,18,1,0
2025-07-01 18:55:00,14.24,28.99,64.96,107,High,0.13308411214953272,18,1,0
2025-07-01 19:00:00,14.48,34.24,62.15,102,High,0.1419607843137255,19,1,0
2025-07-01 19:05:00,11.98,27.74,57.58,86,High,0.13930232558139535,19,1,0
2025-07-01 19:10:00,14.65,26.23,69.97,86,High,0.17034883720930233,19,1,0
2025-07-01 19:15:00,14.54,29.3,51.07,98,High,0.1483673469387755,19,1,0
2025-07-01 19:20:00,13.14,32.23,55.33,108,High,0.12166666666666667,19,1,0
2025-07-01 19:25:00,13.81,20.73,64.94,107,High,0.12906542056074766,19,1,0
2025-07-01 19:30:00,14.99,27.13,60.94,114,High,0.13149122807017544,19,1,0
2025-07-01 19:35:00,14.23,22.88,63.81,104,High,0.13682692307692307,19,1,0
2025-07-01 19:40:00,14.89,30.99,65.22,102,High,0.14598039215686276,19,1,0
2025-07-01 19:45:00,13.14,26.57,68.53,94,High,0.1397872340425532,19,1,0
2025-07-01 19:50:00,14.55,34.41,64.33,99,High,0.14696969696969697,19,1,0
2025-07-01 19:55:00,14.4,25.27,55.68,105,High,0.13714285714285715,19,1,0
2025-07-01 00:00:00,8.73,25.68,62.16,93,Normal,0.09387096774193548,0,1,0
2025-07-01 00:05:00,8.53,25.29,65.63,109,Normal,0.07825688073394495,0,1,0
2025-07-01 00:10:00,9.28,20.7,56.08,87,Normal,0.10666666666666666,0,1,0
2025-07-01 00:15:00,9.52,21.97,65.05,105,Normal,0.09066666666666666,0,1,0
2025-07-01 00:20:00,9.46,27.61,50.85,106,Normal,0.08924528301886793,0,1,0
2025-07-01 00:25:00,9.48,27.06,61.01,108,Normal,0.08777777777777779,0,1,0
2025-07-01 00:30:00,9.28,31.9,64.98,106,Normal,0.08754716981132075,0,1,0
2025-07-01 00:35:00,9.09,26.59,40.42,101,Normal,0.09,0,1,0
2025-07-01 00:40:00,9.92,23.47,59.19,104,Normal,0.09538461538461539,0,1,0
2025-07-01 00:45:00,9.37,28.57,47.93,110,Normal,0.08518181818181818,0,1,0
2025-07-01 00:50:00,9.68,24.96,65.43,93,Normal,0.10408602150537634,0,1,0
2025-07-01 00:55:00,8.98,34.15,40.59,100,Normal,0.0898,0,1,0
2025-07-01 01:00:00,9.04,23.66,51.32,101,Normal,0.0895049504950495,1,1,0
2025-07-01 01:05:00,10.33,20.31,51.22,88,High,0.11738636363636364,1,1,0
2025-07-01 01:10:00,9.55,29.62,49.27,83,Normal,0.11506024096385543,1,1,0
2025-07-01 01:15:00,10.6,27.08,45.26,118,High,0.08983050847457627,1,1,0
2025-07-01 01:20:00,9.34,28.19,61.71,93,Normal,0.10043010752688172,1,1,0
2025-07-01 01:25:00,9.61,30.72,58.34,109,Normal,0.0881651376146789,1,1,0
2025-07-01 01:30:00,9.89,33.78,43.2,99,Normal,0.0998989898989899,1,1,0
2025-07-01 01:35:00,10.01,30.57,69.62,101,High,0.09910891089108911,1,1,0
2025-07-01 01:40:00,9.74,22.56,60.79,98,Normal,0.09938775510204081,1,1,0
2025-07-01 01:45:00,9.83,21.4,68.02,99,Normal,0.0992929292929293,1,1,0
2025-07-01 01:50:00,10.17,22.32,42.71,84,High,0.12107142857142857,1,1,0
2025-07-01 01:55:00,9.37,25.65,59.27,114,Normal,0.08219298245614035,1,1,0
2025-07-01 02:00:00,10.2,22.13,60.91,114,High,0.08947368421052632,2,1,0
2025-07-01 02:05:00,9.18,21.16,46.23,119,Normal,0.07714285714285714,2,1,0
2025-07-01 02:10:00,10.37,21.42,67.22,92,High,0.11271739130434781,2,1,0
2025-07-01 02:15:00,10.11,31.94,53.63,116,High,0.0871551724137931,2,1,0
2025-07-01 02:20:00,10.43,30.39,51.58,93,High,0.1121505376344086,2,1,0
2025-07-01 02:25:00,10.17,32.71,55.79,99,High,0.10272727272727272,2,1,0
2025-07-01 02:30:00,10.0,33.63,52.65,91,Normal,0.10989010989010989,2,1,0
2025-07-01 02:35:00,10.86,32.24,44.89,96,High,0.11312499999999999,2,1,0
2025-07-01 02:40:00,10.74,33.26,57.22,101,High,0.10633663366336633,2,1,0
2025-07-01 02:45:00,10.6,21.82,60.29,81,High,0.1308641975308642,2,1,0
2025-07-01 02:50:00,10.96,31.84,66.48,82,High,0.13365853658536586,2,1,0
2025-07-01 02:55:00,10.64,32.25,61.86,92,High,0.11565217391304349,2,1,0
2025-07-01 03:00:00,10.41,30.86,53.45,99,High,0.10515151515151515,3,1,0
2025-07-01 03:05:00,10.1,33.51,56.41,90,High,0.11222222222222222,3,1,0
2025-07-01 03:10:00,10.53,32.99,46.07,104,High,0.10124999999999999,3,1,0
2025-07-01 03:15:00,8.88,30.56,46.34,97,Normal,0.09154639175257732,3,1,0
2025-07-01 03:20:00,10.9,22.69,62.74,103,High,0.10582524271844661,3,1,0
2025-07-01 03:25:00,10.34,23.02,58.23,99,High,0.10444444444444444,3,1,0
2025-07-01 03:30:00,10.67,28.18,56.95,108,High,0.0987962962962963,3,1,0
2025-07-01 03:35:00,10.61,30.83,62.69,118,High,0.08991525423728813,3,1,0
2025-07-01 03:40:00,10.93,30.21,58.64,116,High,0.09422413793103449,3,1,0
2025-07-01 03:45:00,9.08,20.75,51.53,91,Normal,0.09978021978021978,3,1,0
2025-07-01 03:50:00,10.58,33.68,41.55,99,High,0.10686868686868686,3,1,0
2025-07-01 03:55:00,10.37,24.86,54.73,94,High,0.1103191489361702,3,1,0
2025-07-01 04:00:00,9.97,32.72,67.57,101,Normal,0.09871287128712872,4,1,0
2025-07-01 04:05:00,10.66,33.51,57.31,101,High,0.10554455445544554,4,1,0
2025-07-01 04:10:00,11.16,24.11,59.33,103,High,0.10834951456310679,4,1,0
2025-07-01 04:15:00,10.36,32.44,52.05,96,High,0.10791666666666666,4,1,0
2025-07-01 04:20:00,10.46,28.87,43.36,84,High,0.12452380952380954,4,1,0
2025-07-01 04:25:00,10.78,24.63,47.43,113,High,0.09539823008849557,4,1,0
2025-07-01 04:30:00,11.06,34.44,69.59,90,High,0.1228888888888889,4,1,0
2025-07-01 04:35:00,11.22,29.16,46.88,109,High,0.10293577981651376,4,1,0
2025-07-01 04:40:00,10.72,30.6,68.21,105,High,0.1020952380952381,4,1,0
2025-07-01 04:45:00,10.86,34.74,65.68,95,High,0.1143157894736842,4,1,0
2025-07-01 04:50:00,10.09,22.69,59.62,119,High,0.08478991596638655,4,1,0
2025-07-01 04:55:00,10.74,22.67,50.39,121,High,0.0887603305785124,4,1,0
2025-07-01 05:00:00,10.17,21.81,41.15,96,High,0.1059375,5,1,0
2025-07-01 05:05:00,10.92,32.98,43.46,94,High,0.11617021276595745,5,1,0
2025-07-01 05:10:00,11.43,30.42,52.12,117,High,0.09769230769230769,5,1,0
2025-07-01 05:15:00,10.78,21.82,59.46,97,High,0.11113402061855669,5,1,0
2025-07-01 05:20:00,10.66,21.89,62.5,92,High,0.11586956521739131,5,1,0
2025-07-01 05:25:00,11.07,26.42,63.71,124,High,0.0892741935483871,5,1,0
2025-07-01 05:30:00,11.51,24.56,54.25,107,High,0.10757009345794392,5,1,0
2025-07-01 05:35:00,10.62,26.73,59.03,98,High,0.1083673469387755,5,1,0
2025-07-01 05:40:00,10.31,26.59,53.48,104,High,0.09913461538461539,5,1,0
2025-07-01 05:45:00,10.71,22.27,45.0,107,High,0.10009345794392524,5,1,0
2025-07-01 05:50:00,11.0,24.71,64.3,92,High,0.11956521739130435,5,1,0
2025-07-01 05:55:00,10.24,21.08,52.93,87,High,0.11770114942528735,5,1,0
2025-07-01 06:00:00,11.07,30.45,69.79,105,High,0.10542857142857143,6,1,0
2025-07-01 06:05:00,10.18,25.69,54.62,104,High,0.09788461538461538,6,1,0
2025-07-01 06:10:00,11.7,25.53,43.59,103,High,0.11359223300970873,6,1,0
2025-07-01 06:15:00,10.5,34.12,57.72,110,High,0.09545454545454546,6,1,0
2025-07-01 06:20:00,10.39,31.41,41.61,104,High,0.09990384615384616,6,1,0
2025-07-01 06:25:00,10.26,25.36,56.84,103,High,0.0996116504854369,6,1,0
2025-07-01 06:30:00,10.91,25.2,56.78,97,High,0.11247422680412371,6,1,0
2025-07-01 06:35:00,10.88,21.74,66.02,95,High,0.1145263157894737,6,1,0
2025-07-01 06:40:00,10.54,30.39,46.87,102,High,0.10333333333333332,6,1,0
2025-07-01 06:45:00,9.71,30.8,67.33,91,Normal,0.10670329670329672,6,1,0
2025-07-01 06:50:00,10.23,34.41,66.28,92,High,0.11119565217391304,6,1,0
2025-07-01 06:55:00,10.44,23.1,68.25,96,High,0.10875,6,1,0
2025-07-01 07:00:00,11.05,22.22,49.81,109,High,0.10137614678899083,7,1,0
2025-07-01 07:05:00,10.45,31.98,47.78,99,High,0.10555555555555556,7,1,0
2025-07-01 07:10:00,10.45,28.21,67.19,80,High,0.130625,7,1,0
2025-07-01 07:15:00,10.09,24.91,58.22,92,High,0.10967391304347826,7,1,0
2025-07-01 07:20:00,10.39,32.48,66.27,111,High,0.0936036036036036,7,1,0
2025-07-01 07:25:00,10.1,21.6,68.57,100,High,0.10099999999999999,7,1,0
2025-07-01 07:30:00,9.89,32.11,48.5,89,Normal,0.11112359550561798,7,1,0
2025-07-01 07:35:00,10.29,34.39,40.81,95,High,0.1083157894736842,7,1,0
2025-07-01 07:40:00,9.2,29.34,46.47,98,Normal,0.09387755102040815,7,1,0
2025-07-01 07:45:00,9.49,32.76,62.36,107,Normal,0.08869158878504674,7,1,0
2025-07-01 07:50:00,10.12,35.0,54.38,101,High,0.10019801980198019,7,1,0
2025-07-01 07:55:00,10.32,24.32,64.02,89,High,0.11595505617977528,7,1,0
2025-07-01 08:00:00,10.54,24.32,55.96,88,High,0.11977272727272727,8,1,0
2025-07-01 08:05:00,10.12,30.39,64.41,96,High,0.10541666666666666,8,1,0
2025-07-01 08:10:00,10.39,33.46,63.07,88,High,0.11806818181818182,8,1,0
2025-07-01 08:15:00,10.13,31.49,64.86,104,High,0.09740384615384616,8,1,0
2025-07-01 08:20:00,9.73,23.65,42.78,107,Normal,0.09093457943925234,8,1,0
2025-07-01 08:25:00,9.63,31.42,63.21,84,Normal,0.11464285714285716,8,1,0
2025-07-01 08:30:00,10.99,28.58,65.06,103,High,0.1066990291262136,8,1,0
2025-07-01 08:35:00,10.18,32.79,55.17,103,High,0.09883495145631067,8,1,0
2025-07-01 08:40:00,9.99,22.65,54.09,100,Normal,0.0999,8,1,0
2025-07-01 08:45:00,10.03,27.35,57.1,101,High,0.0993069306930693,8,1,0
2025-07-01 08:50:00,8.62,32.85,62.59,95,Normal,0.09073684210526314,8,1,0
2025-07-01 08:55:00,9.06,27.65,61.9,102,Normal,0.0888235294117647,8,1,0
2025-07-01 09:00:00,9.62,32.23,45.88,99,Normal,0.09717171717171716,9,1,0
2025-07-01 09:05:00,9.16,30.68,43.2,100,Normal,0.0916,9,1,0
2025-07-01 09:10:00,9.31,22.61,68.97,106,Normal,0.08783018867924529,9,1,0
2025-07-01 09:15:00,9.0,27.09,41.01,118,Normal,0.07627118644067797,9,1,0
2025-07-01 09:20:00,9.24,34.82,69.1,84,Normal,0.11,9,1,0
2025-07-01 09:25:00,9.68,22.07,47.58,117,Normal,0.08273504273504273,9,1,0
2025-07-01 09:30:00,9.64,26.29,45.76,97,Normal,0.09938144329896907,9,1,0
2025-07-01 09:35:00,8.72,30.17,44.31,94,Normal,0.09276595744680852,9,1,0
2025-07-01 09:40:00,9.03,23.22,68.66,105,Normal,0.086,9,1,0
2025-07-01 09:45:00,8.91,21.96,56.74,109,Normal,0.08174311926605504,9,1,0
2025-07-01 09:50:00,9.95,27.57,45.59,106,Normal,0.09386792452830188,9,1,0
2025-07-01 09:55:00,9.35,34.11,64.72,102,Normal,0.09166666666666666,9,1,0
2025-07-01 10:00:00,8.83,22.87,54.91,100,Normal,0.0883,10,1,0
2025-07-01 10:05:00,9.78,34.56,65.41,88,Normal,0.11113636363636363,10,1,0
2025-07-01 10:10:00,9.17,32.43,48.31,75,Normal,0.12226666666666666,10,1,0
2025-07-01 10:15:00,9.28,20.45,45.2,93,Normal,0.09978494623655913,10,1,0
2025-07-01 10:20:00,8.47,23.12,69.66,105,Normal,0.08066666666666668,10,1,0
2025-07-01 10:25:00,9.03,24.69,42.48,89,Normal,0.10146067415730337,10,1,0
2025-07-01 10:30:00,8.6,34.9,43.96,124,Normal,0.06935483870967742,10,1,0
2025-07-01 10:35:00,9.47,25.67,66.17,127,Normal,0.07456692913385828,10,1,0
2025-07-01 10:40:00,8.92,21.64,59.54,104,Normal,0.08576923076923076,10,1,0
2025-07-01 10:45:00,8.07,26.53,52.66,98,Normal,0.0823469387755102,10,1,0
2025-07-01 10:50:00,8.1,30.09,49.4,111,Normal,0.07297297297297296,10,1,0
2025-07-01 10:55:00,8.46,34.61,59.59,97,Normal,0.08721649484536083,10,1,0
2025-07-01 11:00:00,7.59,28.15,62.04,95,Normal,0.07989473684210527,11,1,0
2025-07-01 11:05:00,8.89,25.43,53.95,100,Normal,0.0889,11,1,0
2025-07-01 11:10:00,8.39,29.35,69.3,99,Normal,0.08474747474747475,11,1,0
2025-07-01 11:15:00,7.77,33.9,46.55,101,Normal,0.07693069306930693,11,1,0
2025-07-01 11:20:00,8.39,32.94,49.96,85,Normal,0.09870588235294118,11,1,0
2025-07-01 11:25:00,8.04,26.89,40.54,120,Normal,0.06699999999999999,11,1,0
2025-07-01 11:30:00,8.16,33.08,62.36,91,Normal,0.08967032967032967,11,1,0
2025-07-01 11:35:00,7.22,31.27,67.17,114,Normal,0.06333333333333332,11,1,0
2025-07-01 11:40:00,8.07,20.03,46.65,94,Normal,0.08585106382978723,11,1,0
2025-07-01 11:45:00,7.79,29.34,42.8,79,Normal,0.09860759493670886,11,1,0
2025-07-01 11:50:00,8.22,23.54,48.23,89,Normal,0.09235955056179776,11,1,0
2025-07-01 11:55:00,7.97,26.92,40.99,103,Normal,0.07737864077669902,11,1,0
2025-07-01 12:00:00,7.38,30.62,54.39,94,Normal,0.07851063829787235,12,1,0
2025-07-01 12:05:00,8.22,27.5,53.37,97,Normal,0.08474226804123712,12,1,0
2025-07-01 12:10:00,7.95,31.34,57.86,98,Normal,0.08112244897959184,12,1,0
2025-07-01 12:15:00,8.03,33.92,63.45,91,Normal,0.08824175824175823,12,1,0
2025-07-01 12:20:00,7.81,28.73,55.21,108,Normal,0.07231481481481482,12,1,0
2025-07-01 12:25:00,8.15,28.45,67.17,94,Normal,0.08670212765957447,12,1,0
2025-07-01 12:30:00,7.88,24.09,43.49,97,Normal,0.08123711340206186,12,1,0
2025-07-01 12:35:00,7.41,32.9,48.83,111,Normal,0.06675675675675675,12,1,0
2025-07-01 12:40:00,7.84,32.42,66.58,87,Normal,0.09011494252873563,12,1,0
2025-07-01 12:45:00,8.08,34.8,56.2,87,Normal,0.09287356321839081,12,1,0
2025-07-01 12:50:00,7.36,27.66,41.13,95,Normal,0.07747368421052632,12,1,0
2025-07-01 12:55:00,7.19,34.34,48.92,111,Normal,0.06477477477477478,12,1,0
2025-07-01 13:00:00,6.93,29.94,63.3,96,Normal,0.0721875,13,1,0
2025-07-01 13:05:00,8.01,31.64,66.59,115,Normal,0.06965217391304347,13,1,0
2025-07-01 13:10:00,7.46,33.48,59.51,97,Normal,0.07690721649484536,13,1,0
2025-07-01 13:15:00,7.14,23.24,65.97,104,Normal,0.06865384615384615,13,1,0
2025-07-01 13:20:00,7.9,25.98,58.4,94,Normal,0.08404255319148937,13,1,0
2025-07-01 13:25:00,7.34,28.51,69.9,107,Normal,0.0685981308411215,13,1,0
2025-07-01 13:30:00,7.83,22.84,67.01,91,Normal,0.08604395604395604,13,1,0
2025-07-01 13:35:00,7.68,20.48,67.84,104,Normal,0.07384615384615384,13,1,0
2025-07-01 13:40:00,7.21,30.64,69.98,84,Normal,0.08583333333333333,13,1,0
2025-07-01 13:45:00,7.45,21.13,46.66,102,Normal,0.07303921568627451,13,1,0
2025-07-01 13:50:00,7.8,29.71,52.35,113,Normal,0.06902654867256637,13,1,0
2025-07-01 13:55:00,6.51,30.91,61.56,99,Normal,0.06575757575757575,13,1,0
2025-07-01 14:00:00,6.73,20.37,69.82,114,Normal,0.059035087719298246,14,1,0
2025-07-01 14:05:00,7.79,33.12,47.39,93,Normal,0.08376344086021506,14,1,0
2025-07-01 14:10:00,7.25,33.51,45.53,113,Normal,0.06415929203539823,14,1,0
2025-07-01 14:15:00,6.85,21.78,43.38,90,Normal,0.0761111111111111,14,1,0
2025-07-01 14:20:00,7.21,29.09,48.95,124,Normal,0.05814516129032258,14,1,0
2025-07-01 14:25:00,7.45,30.52,43.29,90,Normal,0.08277777777777778,14,1,0
2025-07-01 14:30:00,7.53,33.49,66.52,107,Normal,0.07037383177570093,14,1,0
2025-07-01 14:35:00,7.4,26.77,40.97,103,Normal,0.07184466019417476,14,1,0
2025-07-01 14:40:00,7.33,28.12,49.84,109,Normal,0.06724770642201836,14,1,0
2025-07-01 14:45:00,6.82,30.32,55.08,103,Normal,0.06621359223300971,14,1,0
2025-07-01 14:50:00,7.6,33.27,67.49,104,Normal,0.07307692307692307,14,1,0
2025-07-01 14:55:00,7.41,29.77,58.82,100,Normal,0.0741,14,1,0
2025-07-01 15:00:00,7.5,30.47,67.28,120,Normal,0.0625,15,1,0
2025-07-01 15:05:00,6.87,33.78,64.52,105,Normal,0.06542857142857143,15,1,0
2025-07-01 15:10:00,6.62,27.41,53.18,100,Normal,0.0662,15,1,0
2025-07-01 15:15:00,6.85,23.68,43.19,100,Normal,0.06849999999999999,15,1,0
2025-07-01 15:20:00,7.59,33.02,47.94,86,Normal,0.08825581395348837,15,1,0
2025-07-01 15:25:00,6.82,24.17,43.66,119,Normal,0.0573109243697479,15,1,0
2025-07-01 15:30:00,7.22,34.56,57.66,106,Normal,0.0681132075471698,15,1,0
2025-07-01 15:35:00,7.7,31.24,52.51,109,Normal,0.07064220183486239,15,1,0
2025-07-01 15:40:00,7.3,32.17,59.98,115,Normal,0.06347826086956522,15,1,0
2025-07-01 15:45:00,7.48,25.88,56.51,109,Normal,0.06862385321100918,15,1,0
2025-07-01 15:50:00,7.59,23.45,49.71,93,Normal,0.08161290322580644,15,1,0
2025-07-01 15:55:00,6.75,29.66,52.71,93,Normal,0.07258064516129033,15,1,0
2025-07-01 16:00:00,7.84,31.18,54.08,87,Normal,0.09011494252873563,16,1,0
2025-07-01 16:05:00,7.32,34.94,47.27,110,Normal,0.06654545454545455,16,1,0
2025-07-01 16:10:00,6.48,21.76,40.29,100,Normal,0.06480000000000001,16,1,0
2025-07-01 16:15:00,8.34,34.59,52.22,103,Normal,0.08097087378640777,16,1,0
2025-07-01 16:20:00,7.93,30.22,42.24,95,Normal,0.08347368421052631,16,1,0
2025-07-01 16:25:00,8.2,28.94,64.28,102,Normal,0.08039215686274509,16,1,0
2025-07-01 16:30:00,7.84,27.98,63.1,80,Normal,0.098,16,1,0
2025-07-01 16:35:00,7.2,21.41,67.6,106,Normal,0.06792452830188679,16,1,0
2025-07-01 16:40:00,9.18,28.86,56.63,83,Normal,0.11060240963855421,16,1,0
2025-07-01 16:45:00,6.57,26.46,43.65,96,Normal,0.0684375,16,1,0
2025-07-01 16:50:00,7.68,21.62,55.39,96,Normal,0.08,16,1,0
2025-07-01 16:55:00,7.23,27.42,66.06,100,Normal,0.0723,16,1,0
2025-07-01 17:00:00,7.75,22.67,48.77,93,Normal,0.08333333333333333,17,1,0
2025-07-01 17:05:00,7.73,31.15,66.8,101,Normal,0.07653465346534653,17,1,0
2025-07-01 17:10:00,7.34,33.15,42.5,74,Normal,0.09918918918918919,17,1,0
2025-07-01 17:15:00,7.08,21.83,64.04,111,Normal,0.06378378378378378,17,1,0
2025-07-01 17:20:00,7.3,21.62,65.24,98,Normal,0.07448979591836735,17,1,0
2025-07-01 17:25:00,7.24,26.96,62.59,95,Normal,0.07621052631578948,17,1,0
2025-07-01 17:30:00,7.28,24.32,57.48,124,Normal,0.05870967741935484,17,1,0
2025-07-01 17:35:00,7.2,27.43,43.24,104,Normal,0.06923076923076923,17,1,0
2025-07-01 17:40:00,8.12,34.59,59.02,99,Normal,0.08202020202020201,17,1,0
2025-07-01 17:45:00,7.9,22.51,40.15,110,Normal,0.07181818181818182,17,1,0
2025-07-01 17:50:00,8.18,22.98,46.49,100,Normal,0.0818,17,1,0
2025-07-01 17:55:00,7.98,22.9,67.18,96,Normal,0.083125,17,1,0
2025-07-01 18:00:00,7.51,28.63,51.86,100,Normal,0.0751,18,1,0
2025-07-01 18:05:00,8.33,21.42,69.1,88,Normal,0.09465909090909091,18,1,0
2025-07-01 18:10:00,8.57,34.66,65.71,85,Normal,0.10082352941176471,18,1,0
2025-07-01 18:15:00,7.71,34.05,65.69,103,Normal,0.07485436893203884,18,1,0
2025-07-01 18:20:00,8.15,22.93,52.41,88,Normal,0.09261363636363637,18,1,0
2025-07-01 18:25:00,8.16,29.34,63.06,90,Normal,0.09066666666666667,18,1,0
2025-07-01 18:30:00,7.93,20.24,56.12,97,Normal,0.08175257731958763,18,1,0
2025-07-01 18:35:00,7.37,30.96,58.66,98,Normal,0.07520408163265306,18,1,0
2025-07-01 18:40:00,8.32,25.0,53.31,101,Normal,0.08237623762376238,18,1,0
2025-07-01 18:45:00,9.4,20.88,60.68,90,Normal,0.10444444444444445,18,1,0
2025-07-01 18:50:00,8.14,29.2,59.59,121,Normal,0.06727272727272728,18,1,0
2025-07-01 18:55:00,8.58,23.5,46.66,95,Normal,0.09031578947368421,18,1,0
2025-07-01 19:00:00,8.48,23.82,59.34,99,Normal,0.08565656565656567,19,1,0
2025-07-01 19:05:00,7.87,20.1,51.06,83,Normal,0.09481927710843374,19,1,0
2025-07-01 19:10:00,8.57,25.4,49.59,112,Normal,0.07651785714285715,19,1,0
2025-07-01 19:15:00,8.7,32.11,62.36,92,Normal,0.09456521739130434,19,1,0
2025-07-01 19:20:00,8.59,32.78,40.48,103,Normal,0.08339805825242719,19,1,0
2025-07-01 19:25:00,9.11,28.3,44.56,94,Normal,0.09691489361702127,19,1,0
2025-07-01 19:30:00,8.93,21.23,44.89,105,Normal,0.08504761904761904,19,1,0
2025-07-01 19:35:00,9.27,28.81,62.97,108,Normal,0.08583333333333333,19,1,0
2025-07-01 19:40:00,8.7,27.23,54.24,105,Normal,0.08285714285714285,19,1,0
2025-07-01 19:45:00,8.8,21.83,43.69,108,Normal,0.08148148148148149,19,1,0
2025-07-01 19:50:00,9.34,27.16,61.92,105,Normal,0.08895238095238095,19,1,0
2025-07-01 19:55:00,9.05,31.7,64.05,104,Normal,0.08701923076923078,19,1,0
2025-07-01 00:00:00,13.07,27.57,55.76,105,High,0.12447619047619048,0,1,0
2025-07-01 00:05:00,13.11,34.91,57.18,88,High,0.1489772727272727,0,1,0
2025-07-01 00:10:00,14.0,33.0,63.17,88,High,0.1590909090909091,0,1,0
2025-07-01 00:15:00,15.52,30.7,52.17,99,High,0.15676767676767675,0,1,0
2025-07-01 00:20:00,13.77,24.5,48.83,98,High,0.14051020408163264,0,1,0
2025-07-01 00:25:00,13.14,23.45,49.61,84,High,0.15642857142857144,0,1,0
2025-07-01 00:30:00,13.6,31.31,51.78,109,High,0.12477064220183486,0,1,0
2025-07-01 00:35:00,14.13,29.26,55.12,90,High,0.157,0,1,0
2025-07-01 00:40:00,14.46,26.74,65.41,94,High,0.15382978723404256,0,1,0
2025-07-01 00:45:00,13.81,25.64,43.63,104,High,0.13278846153846155,0,1,0
2025-07-01 00:50:00,13.68,27.17,66.14,113,High,0.12106194690265487,0,1,0
2025-07-01 00:55:00,14.44,20.83,63.3,105,High,0.13752380952380952,0,1,0
2025-07-01 01:00:00,16.17,31.89,69.94,104,High,0.15548076923076926,1,1,0
2025-07-01 01:05:00,12.63,25.52,48.95,105,High,0.12028571428571429,1,1,0
2025-07-01 01:10:00,14.5,33.49,49.88,97,High,0.14948453608247422,1,1,0
2025-07-01 01:15:00,14.36,20.51,53.13,93,High,0.15440860215053762,1,1,0
2025-07-01 01:20:00,15.86,34.64,45.32,97,High,0.16350515463917525,1,1,0
2025-07-01 01:25:00,14.87,27.53,50.84,91,High,0.1634065934065934,1,1,0
2025-07-01 01:30:00,14.95,24.17,61.56,110,High,0.1359090909090909,1,1,0
2025-07-01 01:35:00,16.39,28.21,46.51,111,High,0.14765765765765768,1,1,0
2025-07-01 01:40:00,14.89,23.52,61.47,82,High,0.18158536585365853,1,1,0
2025-07-01 01:45:00,14.71,27.84,67.91,107,High,0.1374766355140187,1,1,0
2025-07-01 01:50:00,15.17,25.42,58.57,101,High,0.1501980198019802,1,1,0
2025-07-01 01:55:00,13.91,30.89,54.88,88,High,0.15806818181818183,1,1,0
2025-07-01 02:00:00,15.35,29.57,54.43,101,High,0.15198019801980198,2,1,0
2025-07-01 02:05:00,15.42,32.7,60.67,96,High,0.160625,2,1,0
2025-07-01 02:10:00,16.48,21.83,46.49,90,High,0.1831111111111111,2,1,0
2025-07-01 02:15:00,15.82,26.05,51.93,114,High,0.1387719298245614,2,1,0
2025-07-01 02:20:00,15.33,28.09,64.04,96,High,0.1596875,2,1,0
2025-07-01 02:25:00,15.95,20.9,47.11,103,High,0.15485436893203883,2,1,0
2025-07-01 02:30:00,15.11,24.19,52.09,106,High,0.14254716981132076,2,1,0
2025-07-01 02:35:00,15.4,20.42,55.59,104,High,0.14807692307692308,2,1,0
2025-07-01 02:40:00,17.5,29.05,50.25,81,High,0.21604938271604937,2,1,0
2025-07-01 02:45:00,16.98,20.54,58.78,104,High,0.16326923076923078,2,1,0
2025-07-01 02:50:00,16.18,24.13,48.51,108,High,0.14981481481481482,2,1,0
2025-07-01 02:55:00,18.02,25.79,62.33,108,High,0.16685185185185183,2,1,0
2025-07-01 03:00:00,16.13,29.21,64.9,106,High,0.15216981132075472,3,1,0
2025-07-01 03:05:00,17.37,28.14,41.25,92,High,0.18880434782608696,3,1,0
2025-07-01 03:10:00,15.24,28.32,58.92,98,High,0.15551020408163266,3,1,0
2025-07-01 03:15:00,17.07,29.31,42.59,92,High,0.18554347826086956,3,1,0
2025-07-01 03:20:00,15.83,23.58,53.38,102,High,0.15519607843137254,3,1,0
2025-07-01 03:25:00,17.02,32.63,44.22,88,High,0.1934090909090909,3,1,0
2025-07-01 03:30:00,16.08,26.68,53.07,108,High,0.14888888888888888,3,1,0
2025-07-01 03:35:00,17.87,33.69,65.01,98,High,0.18234693877551023,3,1,0
2025-07-01 03:40:00,16.32,32.61,53.75,105,High,0.15542857142857144,3,1,0
2025-07-01 03:45:00,16.21,22.32,55.95,95,High,0.17063157894736844,3,1,0
2025-07-01 03:50:00,17.01,24.03,67.91,90,High,0.18900000000000003,3,1,0
2025-07-01 03:55:00,17.51,34.12,43.9,92,High,0.19032608695652176,3,1,0
2025-07-01 04:00:00,16.36,27.1,61.48,98,High,0.16693877551020408,4,1,0
2025-07-01 04:05:00,16.63,25.35,51.5,110,High,0.15118181818181817,4,1,0
2025-07-01 04:10:00,16.47,26.88,64.34,82,High,0.20085365853658535,4,1,0
2025-07-01 04:15:00,17.1,26.08,52.55,101,High,0.16930693069306932,4,1,0
2025-07-01 04:20:00,15.86,20.81,61.47,120,High,0.13216666666666665,4,1,0
2025-07-01 04:25:00,16.57,23.13,67.7,112,High,0.14794642857142856,4,1,0
2025-07-01 04:30:00,16.73,32.1,57.35,107,High,0.1563551401869159,4,1,0
2025-07-01 04:35:00,16.22,20.55,66.61,92,High,0.17630434782608695,4,1,0
2025-07-01 04:40:00,17.39,23.42,42.68,98,High,0.17744897959183675,4,1,0
2025-07-01 04:45:00,16.8,29.93,67.87,100,High,0.168,4,1,0
2025-07-01 04:50:00,16.56,21.97,46.4,95,High,0.1743157894736842,4,1,0
2025-07-01 04:55:00,16.87,24.35,47.84,96,High,0.1757291666666667,4,1,0
2025-07-01 05:00:00,16.93,30.83,58.52,106,High,0.15971698113207547,5,1,0
2025-07-01 05:05:00,17.37,20.76,63.56,93,High,0.18677419354838712,5,1,0
2025-07-01 05:10:00,16.53,21.42,57.79,94,High,0.17585106382978724,5,1,0
2025-07-01 05:15:00,15.95,34.97,68.2,100,High,0.1595,5,1,0
2025-07-01 05:20:00,16.7,27.65,49.25,108,High,0.15462962962962962,5,1,0
2025-07-01 05:25:00,16.15,21.9,52.03,96,High,0.16822916666666665,5,1,0
2025-07-01 05:30:00,15.36,30.5,59.1,98,High,0.156734693877551,5,1,0
2025-07-01 05:35:00,15.73,29.63,47.32,111,High,0.1417117117117117,5,1,0
2025-07-01 05:40:00,17.08,25.22,64.33,108,High,0.15814814814814812,5,1,0
2025-07-01 05:45:00,16.4,22.2,67.31,115,High,0.1426086956521739,5,1,0
2025-07-01 05:50:00,16.2,23.16,52.32,98,High,0.16530612244897958,5,1,0
2025-07-01 05:55:00,14.79,27.07,40.85,112,High,0.1320535714285714,5,1,0
2025-07-01 06:00:00,16.29,26.73,44.34,113,High,0.14415929203539823,6,1,0
2025-07-01 06:05:00,16.7,20.7,42.4,90,High,0.18555555555555556,6,1,0
2025-07-01 06:10:00,15.89,29.41,41.15,113,High,0.14061946902654868,6,1,0
2025-07-01 06:15:00,16.29,32.75,63.14,99,High,0.16454545454545455,6,1,0
2025-07-01 06:20:00,16.13,33.73,51.91,106,High,0.15216981132075472,6,1,0
2025-07-01 06:25:00,14.88,27.06,66.8,101,High,0.14732673267326735,6,1,0
2025-07-01 06:30:00,16.6,28.19,55.17,116,High,0.14310344827586208,6,1,0
2025-07-01 06:35:00,16.48,31.94,46.52,93,High,0.17720430107526883,6,1,0
2025-07-01 06:40:00,17.01,30.41,41.24,104,High,0.16355769230769232,6,1,0
2025-07-01 06:45:00,16.42,25.48,58.78,107,High,0.15345794392523365,6,1,0
2025-07-01 06:50:00,16.35,30.39,62.69,104,High,0.15721153846153849,6,1,0
2025-07-01 06:55:00,16.51,29.8,67.26,104,High,0.15875,6,1,0
2025-07-01 07:00:00,15.87,21.54,46.24,83,High,0.19120481927710842,7,1,0
2025-07-01 07:05:00,16.1,28.55,46.91,88,High,0.18295454545454548,7,1,0
2025-07-01 07:10:00,14.05,26.25,45.42,116,High,0.12112068965517242,7,1,0
2025-07-01 07:15:00,16.3,32.88,52.11,115,High,0.14173913043478262,7,1,0
2025-07-01 07:20:00,15.56,24.21,51.08,90,High,0.1728888888888889,7,1,0
2025-07-01 07:25:00,16.03,27.3,61.05,87,High,0.1842528735632184,7,1,0
2025-07-01 07:30:00,16.67,22.1,48.73,80,High,0.20837500000000003,7,1,0
2025-07-01 07:35:00,16.01,24.37,60.73,112,High,0.14294642857142859,7,1,0
2025-07-01 07:40:00,15.19,34.03,68.32,99,High,0.15343434343434342,7,1,0
2025-07-01 07:45:00,14.82,28.43,66.95,97,High,0.15278350515463918,7,1,0
2025-07-01 07:50:00,15.1,25.18,67.0,102,High,0.1480392156862745,7,1,0
2025-07-01 07:55:00,15.68,31.48,61.17,103,High,0.15223300970873785,7,1,0
2025-07-01 08:00:00,13.63,26.06,43.79,91,High,0.1497802197802198,8,1,0
2025-07-01 08:05:00,15.84,34.61,58.01,110,High,0.144,8,1,0
2025-07-01 08:10:00,14.34,26.16,57.2,95,High,0.15094736842105264,8,1,0
2025-07-01 08:15:00,15.68,26.02,50.63,98,High,0.16,8,1,0
2025-07-01 08:20:00,15.26,25.47,54.7,96,High,0.15895833333333334,8,1,0
2025-07-01 08:25:00,15.94,29.71,44.89,82,High,0.19439024390243903,8,1,0
2025-07-01 08:30:00,14.39,27.13,42.57,114,High,0.1262280701754386,8,1,0
2025-07-01 08:35:00,15.41,34.75,40.06,91,High,0.16934065934065934,8,1,0
2025-07-01 08:40:00,14.98,21.78,69.66,89,High,0.16831460674157303,8,1,0
2025-07-01 08:45:00,14.89,28.66,64.69,89,High,0.16730337078651686,8,1,0
2025-07-01 08:50:00,13.97,28.8,50.96,104,High,0.1343269230769231,8,1,0
2025-07-01 08:55:00,14.01,20.02,68.69,115,High,0.12182608695652174,8,1,0
2025-07-01 09:00:00,15.65,29.13,60.31,95,High,0.16473684210526315,9,1,0
2025-07-01 09:05:00,14.61,32.82,51.02,96,High,0.1521875,9,1,0
2025-07-01 09:10:00,14.6,24.38,54.56,98,High,0.1489795918367347,9,1,0
2025-07-01 09:15:00,15.07,22.47,68.73,95,High,0.15863157894736843,9,1,0
2025-07-01 09:20:00,14.14,23.79,59.05,123,High,0.11495934959349594,9,1,0
2025-07-01 09:25:00,14.27,24.29,69.13,105,High,0.1359047619047619,9,1,0
2025-07-01 09:30:00,13.84,26.91,51.99,99,High,0.1397979797979798,9,1,0
2025-07-01 09:35:00,14.32,25.22,53.55,94,High,0.1523404255319149,9,1,0
2025-07-01 09:40:00,13.54,25.05,67.94,98,High,0.13816326530612244,9,1,0
2025-07-01 09:45:00,13.3,26.1,58.95,110,High,0.12090909090909091,9,1,0
2025-07-01 09:50:00,14.25,24.82,44.5,99,High,0.14393939393939395,9,1,0
2025-07-01 09:55:00,13.46,23.83,43.9,96,High,0.14020833333333335,9,1,0
2025-07-01 10:00:00,13.59,24.1,52.4,102,High,0.13323529411764706,10,1,0
2025-07-01 10:05:00,13.38,32.25,49.65,100,High,0.1338,10,1,0
2025-07-01 10:10:00,13.5,22.26,46.44,98,High,0.1377551020408163,10,1,0
2025-07-01 10:15:00,13.64,30.5,44.68,98,High,0.13918367346938776,10,1,0
2025-07-01 10:20:00,14.23,33.07,54.26,104,High,0.13682692307692307,10,1,0
2025-07-01 10:25:00,14.5,31.79,44.6,99,High,0.14646464646464646,10,1,0
2025-07-01 10:30:00,12.67,26.61,64.16,113,High,0.11212389380530974,10,1,0
2025-07-01 10:35:00,12.91,24.22,67.54,105,High,0.12295238095238095,10,1,0
2025-07-01 10:40:00,13.35,25.69,50.62,104,High,0.1283653846153846,10,1,0
2025-07-01 10:45:00,14.03,20.81,44.53,99,High,0.1417171717171717,10,1,0
2025-07-01 10:50:00,12.99,23.88,42.19,93,High,0.1396774193548387,10,1,0
2025-07-01 10:55:00,13.14,33.85,63.61,102,High,0.1288235294117647,10,1,0
2025-07-01 11:00:00,13.92,22.0,63.02,97,High,0.14350515463917526,11,1,0
2025-07-01 11:05:00,13.01,29.26,57.38,103,High,0.1263106796116505,11,1,0
2025-07-01 11:10:00,13.04,28.62,44.49,121,High,0.1077685950413223,11,1,0
2025-07-01 11:15:00,12.72,32.67,45.65,83,High,0.15325301204819278,11,1,0
2025-07-01 11:20:00,12.66,30.74,62.42,102,High,0.12411764705882353,11,1,0
2025-07-01 11:25:00,12.71,33.37,45.73,99,High,0.1283838383838384,11,1,0
2025-07-01 11:30:00,13.47,25.72,56.38,99,High,0.13606060606060608,11,1,0
2025-07-01 11:35:00,13.49,30.85,43.01,95,High,0.14200000000000002,11,1,0
2025-07-01 11:40:00,13.37,27.83,64.69,103,High,0.12980582524271844,11,1,0
2025-07-01 11:45:00,12.58,25.46,42.86,131,High,0.09603053435114504,11,1,0
2025-07-01 11:50:00,12.38,30.3,47.7,83,High,0.1491566265060241,11,1,0
2025-07-01 11:55:00,11.29,22.44,56.49,99,High,0.11404040404040403,11,1,0
2025-07-01 12:00:00,12.65,29.61,51.45,92,High,0.1375,12,1,0
2025-07-01 12:05:00,14.23,26.0,49.13,101,High,0.1408910891089109,12,1,0
2025-07-01 12:10:00,11.32,20.64,65.65,116,High,0.09758620689655173,12,1,0
2025-07-01 12:15:00,11.64,32.95,68.78,98,High,0.11877551020408164,12,1,0
2025-07-01 12:20:00,12.53,29.28,44.2,105,High,0.11933333333333333,12,1,0
2025-07-01 12:25:00,13.23,28.67,60.87,112,High,0.11812500000000001,12,1,0
2025-07-01 12:30:00,11.9,20.14,46.84,102,High,0.11666666666666667,12,1,0
2025-07-01 12:35:00,11.73,27.69,60.1,100,High,0.1173,12,1,0
2025-07-01 12:40:00,10.8,24.64,44.33,94,High,0.11489361702127661,12,1,0
2025-07-01 12:45:00,11.0,25.45,66.07,107,High,0.102803738317757,12,1,0
2025-07-01 12:50:00,11.77,21.53,66.96,86,High,0.13686046511627906,12,1,0
2025-07-01 12:55:00,11.78,34.52,64.49,94,High,0.12531914893617022,12,1,0
2025-07-01 13:00:00,10.58,25.56,54.78,78,High,0.13564102564102565,13,1,0
2025-07-01 13:05:00,12.35,32.85,59.42,95,High,0.13,13,1,0
2025-07-01 13:10:00,12.49,25.95,62.6,93,High,0.1343010752688172,13,1,0
2025-07-01 13:15:00,11.61,28.23,53.79,109,High,0.1065137614678899,13,1,0
2025-07-01 13:20:00,10.08,27.53,51.45,100,High,0.1008,13,1,0
2025-07-01 13:25:00,12.72,20.62,46.64,89,High,0.14292134831460676,13,1,0
2025-07-01 13:30:00,10.68,23.24,44.79,93,High,0.11483870967741935,13,1,0
2025-07-01 13:35:00,11.17,24.51,40.9,99,High,0.11282828282828283,13,1,0
2025-07-01 13:40:00,11.21,27.62,50.01,93,High,0.12053763440860216,13,1,0
2025-07-01 13:45:00,11.63,22.17,59.49,95,High,0.12242105263157896,13,1,0
2025-07-01 13:50:00,12.22,21.62,40.11,90,High,0.13577777777777778,13,1,0
2025-07-01 13:55:00,11.87,24.21,40.95,114,High,0.10412280701754385,13,1,0
2025-07-01 14:00:00,11.35,30.73,40.36,96,High,0.11822916666666666,14,1,0
2025-07-01 14:05:00,11.87,30.11,55.23,103,High,0.11524271844660193,14,1,0
2025-07-01 14:10:00,11.67,29.33,63.58,66,High,0.17681818181818182,14,1,0
2025-07-01 14:15:00,11.38,26.73,47.4,96,High,0.11854166666666667,14,1,0
2025-07-01 14:20:00,10.11,22.62,40.08,101,High,0.10009900990099009,14,1,0
2025-07-01 14:25:00,10.6,30.61,40.5,98,High,0.10816326530612244,14,1,0
2025-07-01 14:30:00,11.64,25.04,62.37,96,High,0.12125000000000001,14,1,0
2025-07-01 14:35:00,10.81,20.78,69.27,110,High,0.09827272727272728,14,1,0
2025-07-01 14:40:00,10.75,20.18,63.81,105,High,0.10238095238095238,14,1,0
2025-07-01 14:45:00,11.06,34.68,63.6,90,High,0.1228888888888889,14,1,0
2025-07-01 14:50:00,11.18,32.56,65.4,104,High,0.1075,14,1,0
2025-07-01 14:55:00,10.34,21.5,47.67,93,High,0.11118279569892472,14,1,0
2025-07-01 15:00:00,11.68,25.42,49.13,100,High,0.1168,15,1,0
2025-07-01 15:05:00,12.43,33.46,49.71,99,High,0.12555555555555556,15,1,0
2025-07-01 15:10:00,10.46,32.52,48.24,95,High,0.11010526315789475,15,1,0
2025-07-01 15:15:00,10.82,26.52,41.45,108,High,0.10018518518518518,15,1,0
2025-07-01 15:20:00,11.64,34.45,52.02,104,High,0.11192307692307693,15,1,0
2025-07-01 15:25:00,10.71,29.71,59.76,101,High,0.10603960396039605,15,1,0
2025-07-01 15:30:00,11.61,28.02,40.63,80,High,0.145125,15,1,0
2025-07-01 15:35:00,9.85,28.21,65.75,103,Normal,0.09563106796116505,15,1,0
2025-07-01 15:40:00,11.25,27.51,52.7,117,High,0.09615384615384616,15,1,0
2025-07-01 15:45:00,11.13,33.45,40.31,95,High,0.11715789473684211,15,1,0
2025-07-01 15:50:00,10.69,24.06,64.99,93,High,0.11494623655913978,15,1,0
2025-07-01 15:55:00,10.53,23.8,40.77,95,High,0.1108421052631579,15,1,0
2025-07-01 16:00:00,10.89,26.25,45.51,100,High,0.10890000000000001,16,1,0
2025-07-01 16:05:00,10.83,26.98,58.29,103,High,0.10514563106796117,16,1,0
2025-07-01 16:10:00,11.78,34.37,67.94,101,High,0.11663366336633663,16,1,0
2025-07-01 16:15:00,11.09,23.77,56.76,116,High,0.09560344827586206,16,1,0
2025-07-01 16:20:00,9.98,34.06,54.11,96,Normal,0.10395833333333333,16,1,0
2025-07-01 16:25:00,11.27,20.84,50.01,87,High,0.12954022988505748,16,1,0
2025-07-01 16:30:00,11.31,33.23,53.79,93,High,0.12161290322580645,16,1,0
2025-07-01 16:35:00,10.53,26.73,46.61,86,High,0.12244186046511628,16,1,0
2025-07-01 16:40:00,11.3,21.34,50.75,109,High,0.10366972477064221,16,1,0
2025-07-01 16:45:00,11.78,22.36,47.68,89,High,0.13235955056179774,16,1,0
2025-07-01 16:50:00,11.84,23.07,66.35,94,High,0.12595744680851065,16,1,0
2025-07-01 16:55:00,12.02,20.58,61.26,104,High,0.11557692307692308,16,1,0
2025-07-01 17:00:00,12.13,29.32,42.83,94,High,0.12904255319148936,17,1,0
2025-07-01 17:05:00,11.27,26.46,43.89,122,High,0.09237704918032787,17,1,0
2025-07-01 17:10:00,11.53,31.94,66.54,104,High,0.11086538461538462,17,1,0
2025-07-01 17:15:00,12.72,34.18,66.27,90,High,0.14133333333333334,17,1,0
2025-07-01 17:20:00,11.94,31.03,64.76,104,High,0.1148076923076923,17,1,0
2025-07-01 17:25:00,12.54,27.25,50.88,88,High,0.1425,17,1,0
2025-07-01 17:30:00,13.36,21.34,45.36,96,High,0.13916666666666666,17,1,0
2025-07-01 17:35:00,12.65,23.18,48.21,96,High,0.13177083333333334,17,1,0
2025-07-01 17:40:00,11.03,34.62,60.21,112,High,0.09848214285714285,17,1,0
2025-07-01 17:45:00,12.46,23.6,58.89,89,High,0.14,17,1,0
2025-07-01 17:50:00,13.41,25.0,54.66,109,High,0.12302752293577982,17,1,0
2025-07-01 17:55:00,11.85,26.78,65.01,93,High,0.12741935483870967,17,1,0
2025-07-01 18:00:00,11.68,24.04,58.33,97,High,0.12041237113402062,18,1,0
2025-07-01 18:05:00,12.34,29.11,66.09,110,High,0.11218181818181817,18,1,0
2025-07-01 18:10:00,11.86,25.17,61.94,93,High,0.1275268817204301,18,1,0
2025-07-01 18:15:00,12.65,20.57,65.97,91,High,0.13901098901098902,18,1,0
2025-07-01 18:20:00,11.07,28.48,60.94,113,High,0.09796460176991151,18,1,0
2025-07-01 18:25:00,13.29,22.2,43.22,97,High,0.1370103092783505,18,1,0
2025-07-01 18:30:00,13.1,30.29,51.66,89,High,0.14719101123595504,18,1,0
2025-07-01 18:35:00,10.98,33.46,53.63,98,High,0.11204081632653062,18,1,0
2025-07-01 18:40:00,12.3,33.69,56.48,112,High,0.10982142857142858,18,1,0
2025-07-01 18:45:00,12.79,20.46,52.07,96,High,0.13322916666666665,18,1,0
2025-07-01 18:50:00,13.44,27.42,45.86,100,High,0.1344,18,1,0
2025-07-01 18:55:00,13.82,34.7,51.34,104,High,0.13288461538461538,18,1,0
2025-07-01 19:00:00,13.55,29.9,40.27,99,High,0.1368686868686869,19,1,0
2025-07-01 19:05:00,12.76,23.99,66.58,103,High,0.12388349514563106,19,1,0
2025-07-01 19:10:00,12.64,25.35,46.77,94,High,0.13446808510638297,19,1,0
2025-07-01 19:15:00,13.72,21.68,52.76,105,High,0.13066666666666668,19,1,0
2025-07-01 19:20:00,13.2,31.87,60.7,99,High,0.13333333333333333,19,1,0
2025-07-01 19:25:00,11.87,20.36,69.35,101,High,0.11752475247524752,19,1,0
2025-07-01 19:30:00,14.02,22.77,66.93,93,High,0.15075268817204301,19,1,0
2025-07-01 19:35:00,13.96,33.77,65.29,98,High,0.14244897959183675,19,1,0
2025-07-01 19:40:00,13.59,28.04,57.18,97,High,0.14010309278350516,19,1,0
2025-07-01 19:45:00,14.74,34.89,63.94,95,High,0.1551578947368421,19,1,0
2025-07-01 19:50:00,13.62,27.52,62.01,83,High,0.16409638554216865,19,1,0
2025-07-01 19:55:00,13.77,21.75,48.13,107,High,0.12869158878504672,19,1,0
2025-07-01 00:00:00,11.94,24.61,58.31,106,High,0.11264150943396226,0,1,0
2025-07-01 00:05:00,11.91,28.26,60.78,88,High,0.1353409090909091,0,1,0
2025-07-01 00:10:00,11.31,31.11,58.63,93,High,0.12161290322580645,0,1,0
2025-07-01 00:15:00,10.46,30.64,50.95,105,High,0.09961904761904762,0,1,0
2025-07-01 00:20:00,10.73,25.88,51.74,110,High,0.09754545454545455,0,1,0
2025-07-01 00:25:00,12.27,26.92,68.89,97,High,0.12649484536082473,0,1,0
2025-07-01 00:30:00,11.73,32.21,45.28,96,High,0.1221875,0,1,0
2025-07-01 00:35:00,11.2,24.49,42.35,88,High,0.12727272727272726,0,1,0
2025-07-01 00:40:00,12.13,25.3,58.31,130,High,0.09330769230769231,0,1,0
2025-07-01 00:45:00,12.47,24.48,45.42,109,High,0.11440366972477065,0,1,0
2025-07-01 00:50:00,11.98,34.35,52.93,102,High,0.11745098039215687,0,1,0
2025-07-01 00:55:00,11.56,29.72,44.5,77,High,0.15012987012987014,0,1,0
2025-07-01 01:00:00,12.59,24.5,43.44,86,High,0.1463953488372093,1,1,0
2025-07-01 01:05:00,12.06,34.04,56.62,91,High,0.13252747252747255,1,1,0
2025-07-01 01:10:00,11.9,34.06,52.72,118,High,0.10084745762711865,1,1,0
2025-07-01 01:15:00,11.91,26.49,69.93,89,High,0.13382022471910113,1,1,0
2025-07-01 01:20:00,12.79,22.32,40.54,113,High,0.1131858407079646,1,1,0
2025-07-01 01:25:00,12.07,34.94,46.05,117,High,0.10316239316239316,1,1,0
2025-07-01 01:30:00,11.89,28.99,41.12,105,High,0.11323809523809525,1,1,0
2025-07-01 01:35:00,12.61,20.38,62.95,97,High,0.13,1,1,0
2025-07-01 01:40:00,12.12,23.72,44.23,98,High,0.1236734693877551,1,1,0
2025-07-01 01:45:00,12.67,32.0,42.23,96,High,0.13197916666666668,1,1,0
2025-07-01 01:50:00,11.49,27.9,45.62,78,High,0.1473076923076923,1,1,0
2025-07-01 01:55:00,11.37,27.54,41.53,84,High,0.13535714285714284,1,1,0
2025-07-01 02:00:00,13.32,27.56,45.35,99,High,0.13454545454545455,2,1,0
2025-07-01 02:05:00,12.38,33.32,51.3,89,High,0.13910112359550564,2,1,0
2025-07-01 02:10:00,11.9,20.4,44.31,110,High,0.10818181818181818,2,1,0
2025-07-01 02:15:00,12.33,34.31,67.33,81,High,0.15222222222222223,2,1,0
2025-07-01 02:20:00,13.83,22.73,54.6,93,High,0.14870967741935484,2,1,0
2025-07-01 02:25:00,12.37,20.23,51.42,74,High,0.16716216216216215,2,1,0
2025-07-01 02:30:00,12.84,27.35,56.75,100,High,0.1284,2,1,0
2025-07-01 02:35:00,12.95,29.7,67.27,124,High,0.10443548387096774,2,1,0
2025-07-01 02:40:00,12.75,25.3,64.01,103,High,0.12378640776699029,2,1,0
2025-07-01 02:45:00,11.9,21.72,45.79,114,High,0.10438596491228071,2,1,0
2025-07-01 02:50:00,12.76,34.64,48.64,99,High,0.1288888888888889,2,1,0
2025-07-01 02:55:00,13.82,29.21,41.83,115,High,0.12017391304347827,2,1,0
2025-07-01 03:00:00,14.11,27.38,57.74,121,High,0.11661157024793388,3,1,0
2025-07-01 03:05:00,12.94,31.64,66.53,104,High,0.12442307692307691,3,1,0
2025-07-01 03:10:00,13.32,27.61,60.56,99,High,0.13454545454545455,3,1,0
2025-07-01 03:15:00,14.27,23.1,60.39,86,High,0.16593023255813952,3,1,0
2025-07-01 03:20:00,13.25,28.33,56.58,90,High,0.14722222222222223,3,1,0
2025-07-01 03:25:00,12.51,25.83,62.81,97,High,0.12896907216494846,3,1,0
2025-07-01 03:30:00,13.26,30.49,49.49,115,High,0.11530434782608695,3,1,0
2025-07-01 03:35:00,13.57,31.64,44.58,114,High,0.11903508771929824,3,1,0
2025-07-01 03:40:00,13.32,32.16,57.79,88,High,0.15136363636363637,3,1,0
2025-07-01 03:45:00,13.25,21.55,47.68,107,High,0.12383177570093458,3,1,0
2025-07-01 03:50:00,13.45,25.42,51.92,82,High,0.16402439024390242,3,1,0
2025-07-01 03:55:00,13.07,25.66,59.34,95,High,0.13757894736842105,3,1,0
2025-07-01 04:00:00,14.29,30.55,44.54,108,High,0.1323148148148148,4,1,0
2025-07-01 04:05:00,12.86,34.82,48.16,117,High,0.10991452991452991,4,1,0
2025-07-01 04:10:00,13.34,30.03,40.4,94,High,0.14191489361702128,4,1,0
2025-07-01 04:15:00,12.8,30.33,47.19,107,High,0.11962616822429907,4,1,0
2025-07-01 04:20:00,13.61,24.89,41.77,87,High,0.15643678160919539,4,1,0
2025-07-01 04:25:00,13.2,20.98,69.86,118,High,0.11186440677966102,4,1,0
2025-07-01 04:30:00,13.26,31.04,53.38,112,High,0.11839285714285715,4,1,0
2025-07-01 04:35:00,12.71,25.01,48.86,101,High,0.12584158415841584,4,1,0
2025-07-01 04:40:00,12.76,30.51,59.6,100,High,0.1276,4,1,0
2025-07-01 04:45:00,14.38,29.76,47.17,103,High,0.1396116504854369,4,1,0
2025-07-01 04:50:00,13.47,28.31,68.24,104,High,0.12951923076923078,4,1,0
2025-07-01 04:55:00,13.94,31.31,57.94,92,High,0.1515217391304348,4,1,0
2025-07-01 05:00:00,13.06,33.03,62.32,99,High,0.13191919191919194,5,1,0
2025-07-01 05:05:00,14.73,23.06,58.61,100,High,0.14730000000000001,5,1,0
2025-07-01 05:10:00,14.0,29.72,58.01,99,High,0.1414141414141414,5,1,0
2025-07-01 05:15:00,13.44,31.95,69.5,111,High,0.12108108108108108,5,1,0
2025-07-01 05:20:00,12.35,24.45,42.2,129,High,0.09573643410852713,5,1,0
2025-07-01 05:25:00,12.76,21.79,66.92,96,High,0.13291666666666666,5,1,0
2025-07-01 05:30:00,13.05,21.63,56.95,106,High,0.12311320754716981,5,1,0
2025-07-01 05:35:00,13.53,32.9,57.17,116,High,0.11663793103448275,5,1,0
2025-07-01 05:40:00,13.26,25.97,67.68,103,High,0.1287378640776699,5,1,0
2025-07-01 05:45:00,12.63,29.74,43.49,91,High,0.1387912087912088,5,1,0
2025-07-01 05:50:00,12.97,26.59,58.33,101,High,0.12841584158415842,5,1,0
2025-07-01 05:55:00,13.25,27.74,46.64,103,High,0.12864077669902912,5,1,0
2025-07-01 06:00:00,12.5,24.12,47.26,99,High,0.12626262626262627,6,1,0
2025-07-01 06:05:00,12.67,27.73,65.02,99,High,0.12797979797979797,6,1,0
2025-07-01 06:10:00,14.8,29.7,53.02,102,High,0.1450980392156863,6,1,0
2025-07-01 06:15:00,13.27,20.75,61.39,85,High,0.15611764705882353,6,1,0
2025-07-01 06:20:00,12.91,28.96,53.76,111,High,0.11630630630630631,6,1,0
2025-07-01 06:25:00,13.39,34.63,48.12,108,High,0.12398148148148148,6,1,0
2025-07-01 06:30:00,12.91,20.68,44.8,108,High,0.11953703703703704,6,1,0
2025-07-01 06:35:00,13.76,28.58,42.38,103,High,0.13359223300970874,6,1,0
2025-07-01 06:40:00,12.66,25.08,54.25,98,High,0.12918367346938775,6,1,0
2025-07-01 06:45:00,13.1,29.17,67.05,107,High,0.12242990654205607,6,1,0
2025-07-01 06:50:00,13.0,30.63,57.67,88,High,0.14772727272727273,6,1,0
2025-07-01 06:55:00,13.92,27.75,42.56,112,High,0.12428571428571429,6,1,0
2025-07-01 07:00:00,12.53,28.89,69.93,109,High,0.11495412844036697,7,1,0
2025-07-01 07:05:00,13.21,22.89,55.62,121,High,0.10917355371900828,7,1,0
2025-07-01 07:10:00,13.56,23.3,58.14,96,High,0.14125000000000001,7,1,0
2025-07-01 07:15:00,12.88,22.13,46.82,102,High,0.12627450980392158,7,1,0
2025-07-01 07:20:00,13.08,29.99,54.9,101,High,0.1295049504950495,7,1,0
2025-07-01 07:25:00,12.54,23.35,68.56,96,High,0.130625,7,1,0
2025-07-01 07:30:00,12.9,29.55,61.64,80,High,0.16125,7,1,0
2025-07-01 07:35:00,14.77,20.06,42.73,88,High,0.1678409090909091,7,1,0
2025-07-01 07:40:00,13.04,28.61,65.39,103,High,0.1266019417475728,7,1,0
2025-07-01 07:45:00,12.23,25.44,59.28,116,High,0.10543103448275862,7,1,0
2025-07-01 07:50:00,12.59,34.62,61.35,98,High,0.12846938775510203,7,1,0
2025-07-01 07:55:00,11.93,30.22,48.72,107,High,0.11149532710280373,7,1,0
2025-07-01 08:00:00,13.72,26.48,69.72,119,High,0.11529411764705882,8,1,0
2025-07-01 08:05:00,12.34,33.11,58.15,91,High,0.1356043956043956,8,1,0
2025-07-01 08:10:00,13.38,25.65,43.19,78,High,0.17153846153846156,8,1,0
2025-07-01 08:15:00,12.39,31.38,53.24,95,High,0.13042105263157897,8,1,0
2025-07-01 08:20:00,12.28,23.85,66.12,107,High,0.1147663551401869,8,1,0
2025-07-01 08:25:00,12.11,20.94,43.31,93,High,0.13021505376344086,8,1,0
2025-07-01 08:30:00,11.11,27.3,60.57,110,High,0.10099999999999999,8,1,0
2025-07-01 08:35:00,12.38,24.49,44.3,95,High,0.13031578947368422,8,1,0
2025-07-01 08:40:00,11.48,31.93,55.38,99,High,0.11595959595959597,8,1,0
2025-07-01 08:45:00,11.41,29.4,45.3,98,High,0.11642857142857144,8,1,0
2025-07-01 08:50:00,11.38,20.79,47.9,101,High,0.11267326732673268,8,1,0
2025-07-01 08:55:00,12.43,30.08,56.37,88,High,0.14125,8,1,0
2025-07-01 09:00:00,12.58,23.95,40.9,96,High,0.13104166666666667,9,1,0
2025-07-01 09:05:00,12.43,25.29,63.65,94,High,0.1322340425531915,9,1,0
2025-07-01 09:10:00,11.82,32.96,53.88,114,High,0.1036842105263158,9,1,0
2025-07-01 09:15:00,11.16,21.09,59.3,102,High,0.10941176470588236,9,1,0
2025-07-01 09:20:00,11.26,26.02,48.23,107,High,0.10523364485981308,9,1,0
2025-07-01 09:25:00,11.53,25.87,62.36,95,High,0.12136842105263157,9,1,0
2025-07-01 09:30:00,12.7,23.77,68.08,94,High,0.1351063829787234,9,1,0
2025-07-01 09:35:00,11.14,23.01,63.1,110,High,0.10127272727272728,9,1,0
2025-07-01 09:40:00,11.18,26.63,42.14,124,High,0.09016129032258065,9,1,0
2025-07-01 09:45:00,10.86,31.17,61.18,101,High,0.10752475247524752,9,1,0
2025-07-01 09:50:00,11.52,28.92,42.19,82,High,0.14048780487804877,9,1,0
2025-07-01 09:55:00,11.25,20.39,51.12,120,High,0.09375,9,1,0
2025-07-01 10:00:00,10.08,24.36,41.08,93,High,0.10838709677419354,10,1,0
2025-07-01 10:05:00,11.23,21.16,60.4,94,High,0.11946808510638299,10,1,0
2025-07-01 10:10:00,11.1,31.59,64.92,104,High,0.10673076923076923,10,1,0
2025-07-01 10:15:00,11.64,34.38,52.42,102,High,0.11411764705882353,10,1,0
2025-07-01 10:20:00,11.39,30.84,47.85,97,High,0.11742268041237114,10,1,0
2025-07-01 10:25:00,10.67,27.7,47.02,100,High,0.1067,10,1,0
2025-07-01 10:30:00,11.37,33.02,64.38,113,High,0.10061946902654867,10,1,0
2025-07-01 10:35:00,10.53,31.32,53.89,100,High,0.10529999999999999,10,1,0
2025-07-01 10:40:00,10.2,23.68,69.8,101,High,0.10099009900990098,10,1,0
2025-07-01 10:45:00,11.44,27.12,65.56,85,High,0.13458823529411765,10,1,0
2025-07-01 10:50:00,10.51,22.24,45.65,110,High,0.09554545454545454,10,1,0
2025-07-01 10:55:00,9.98,22.64,69.85,105,Normal,0.09504761904761905,10,1,0
2025-07-01 11:00:00,11.94,29.65,62.96,99,High,0.1206060606060606,11,1,0
2025-07-01 11:05:00,10.54,32.23,46.24,100,High,0.1054,11,1,0
2025-07-01 11:10:00,10.22,31.56,40.38,91,High,0.11230769230769232,11,1,0
2025-07-01 11:15:00,10.24,30.19,40.62,104,High,0.09846153846153846,11,1,0
2025-07-01 11:20:00,10.28,24.99,50.2,105,High,0.0979047619047619,11,1,0
2025-07-01 11:25:00,10.3,25.46,48.15,102,High,0.10098039215686275,11,1,0
2025-07-01 11:30:00,10.7,26.23,52.71,110,High,0.09727272727272726,11,1,0
2025-07-01 11:35:00,9.5,33.92,68.45,95,Normal,0.1,11,1,0
2025-07-01 11:40:00,10.11,21.24,41.37,108,High,0.0936111111111111,11,1,0
2025-07-01 11:45:00,10.53,22.39,60.33,111,High,0.09486486486486485,11,1,0
2025-07-01 11:50:00,8.86,24.15,59.84,96,Normal,0.09229166666666666,11,1,0
2025-07-01 11:55:00,10.54,28.3,46.0,99,High,0.10646464646464646,11,1,0
2025-07-01 12:00:00,10.0,27.18,59.33,107,High,0.09345794392523364,12,1,0
2025-07-01 12:05:00,9.72,22.44,41.87,82,Normal,0.11853658536585367,12,1,0
2025-07-01 12:10:00,9.28,29.26,53.55,105,Normal,0.08838095238095238,12,1,0
2025-07-01 12:15:00,9.8,28.79,45.8,85,Normal,0.11529411764705884,12,1,0
2025-07-01 12:20:00,9.6,20.78,45.85,101,Normal,0.09504950495049505,12,1,0
2025-07-01 12:25:00,9.88,20.69,47.25,83,Normal,0.11903614457831327,12,1,0
2025-07-01 12:30:00,9.54,22.46,44.63,92,Normal,0.10369565217391304,12,1,0
2025-07-01 12:35:00,10.03,25.49,40.38,107,High,0.09373831775700935,12,1,0
2025-07-01 12:40:00,10.0,20.72,60.91,102,High,0.09803921568627451,12,1,0
2025-07-01 12:45:00,9.47,24.31,66.74,74,Normal,0.12797297297297297,12,1,0
2025-07-01 12:50:00,9.11,27.08,43.01,102,Normal,0.08931372549019607,12,1,0
2025-07-01 12:55:00,8.34,20.5,69.84,100,Normal,0.0834,12,1,0
2025-07-01 13:00:00,9.77,29.0,58.86,99,Normal,0.09868686868686868,13,1,0
2025-07-01 13:05:00,8.83,24.64,44.54,98,Normal,0.09010204081632653,13,1,0
2025-07-01 13:10:00,9.0,31.93,53.02,103,Normal,0.08737864077669903,13,1,0
2025-07-01 13:15:00,9.94,32.88,46.28,113,Normal,0.0879646017699115,13,1,0
2025-07-01 13:20:00,9.81,34.25,63.63,114,Normal,0.08605263157894737,13,1,0
2025-07-01 13:25:00,9.58,25.72,41.73,92,Normal,0.1041304347826087,13,1,0
2025-07-01 13:30:00,9.33,31.64,51.68,97,Normal,0.09618556701030928,13,1,0
2025-07-01 13:35:00,8.95,24.5,43.81,97,Normal,0.0922680412371134,13,1,0
2025-07-01 13:40:00,9.25,21.36,60.27,103,Normal,0.08980582524271845,13,1,0
2025-07-01 13:45:00,9.21,28.13,67.77,114,Normal,0.08078947368421054,13,1,0
2025-07-01 13:50:00,9.19,21.93,42.28,99,Normal,0.09282828282828283,13,1,0
2025-07-01 13:55:00,10.16,21.28,43.51,107,High,0.09495327102803738,13,1,0
2025-07-01 14:00:00,8.73,33.36,49.6,87,Normal,0.1003448275862069,14,1,0
2025-07-01 14:05:00,10.17,32.34,59.2,105,High,0.09685714285714285,14,1,0
2025-07-01 14:10:00,8.69,30.02,64.67,103,Normal,0.08436893203883494,14,1,0
2025-07-01 14:15:00,8.95,24.65,67.72,89,Normal,0.10056179775280898,14,1,0
2025-07-01 14:20:00,8.43,28.82,67.22,108,Normal,0.07805555555555556,14,1,0
2025-07-01 14:25:00,9.22,21.47,44.45,85,Normal,0.10847058823529412,14,1,0
2025-07-01 14:30:00,9.21,21.78,63.45,84,Normal,0.10964285714285715,14,1,0
2025-07-01 14:35:00,9.47,28.06,57.31,103,Normal,0.09194174757281554,14,1,0
2025-07-01 14:40:00,8.44,22.83,56.91,113,Normal,0.07469026548672567,14,1,0
2025-07-01 14:45:00,8.46,30.19,43.02,115,Normal,0.07356521739130435,14,1,0
2025-07-01 14:50:00,8.41,27.74,55.18,100,Normal,0.08410000000000001,14,1,0
2025-07-01 14:55:00,8.88,21.91,53.23,98,Normal,0.09061224489795919,14,1,0
2025-07-01 15:00:00,9.71,34.87,52.65,105,Normal,0.09247619047619049,15,1,0
2025-07-01 15:05:00,9.64,28.16,41.46,104,Normal,0.0926923076923077,15,1,0
2025-07-01 15:10:00,8.84,23.51,68.39,96,Normal,0.09208333333333334,15,1,0
2025-07-01 15:15:00,9.12,34.32,47.52,102,Normal,0.08941176470588234,15,1,0
2025-07-01 15:20:00,9.75,21.28,45.29,92,Normal,0.10597826086956522,15,1,0
2025-07-01 15:25:00,8.46,31.78,49.41,123,Normal,0.06878048780487805,15,1,0
2025-07-01 15:30:00,8.9,23.94,47.01,99,Normal,0.08989898989898991,15,1,0
2025-07-01 15:35:00,7.97,30.72,57.05,95,Normal,0.08389473684210526,15,1,0
2025-07-01 15:40:00,8.97,24.47,58.63,118,Normal,0.07601694915254238,15,1,0
2025-07-01 15:45:00,9.02,27.05,48.39,98,Normal,0.0920408163265306,15,1,0
2025-07-01 15:50:00,9.21,21.2,47.16,91,Normal,0.10120879120879121,15,1,0
2025-07-01 15:55:00,8.86,24.88,63.17,103,Normal,0.08601941747572815,15,1,0
2025-07-01 16:00:00,9.15,22.5,58.52,109,Normal,0.08394495412844037,16,1,0
2025-07-01 16:05:00,9.2,33.34,64.65,90,Normal,0.10222222222222221,16,1,0
2025-07-01 16:10:00,8.9,34.47,43.37,85,Normal,0.10470588235294118,16,1,0
2025-07-01 16:15:00,9.94,34.51,41.9,108,Normal,0.09203703703703703,16,1,0
2025-07-01 16:20:00,9.85,20.86,57.88,97,Normal,0.10154639175257732,16,1,0
2025-07-01 16:25:00,9.85,30.9,40.93,103,Normal,0.09563106796116505,16,1,0
2025-07-01 16:30:00,8.85,23.84,68.49,107,Normal,0.08271028037383177,16,1,0
2025-07-01 16:35:00,8.23,20.36,49.64,124,Normal,0.06637096774193549,16,1,0
2025-07-01 16:40:00,8.69,34.57,47.74,101,Normal,0.08603960396039603,16,1,0
2025-07-01 16:45:00,9.05,20.98,42.62,119,Normal,0.07605042016806723,16,1,0
2025-07-01 16:50:00,10.3,28.53,61.8,78,High,0.13205128205128205,16,1,0
2025-07-01 16:55:00,9.26,22.42,69.78,95,Normal,0.09747368421052631,16,1,0
2025-07-01 17:00:00,8.0,23.84,41.78,104,Normal,0.07692307692307693,17,1,0
2025-07-01 17:05:00,9.63,28.16,62.57,94,Normal,0.10244680851063831,17,1,0
2025-07-01 17:10:00,9.87,27.72,52.68,89,Normal,0.11089887640449438,17,1,0
2025-07-01 17:15:00,8.42,24.67,43.31,107,Normal,0.07869158878504673,17,1,0
2025-07-01 17:20:00,8.92,31.22,57.39,86,Normal,0.10372093023255814,17,1,0
2025-07-01 17:25:00,8.94,32.26,52.9,101,Normal,0.08851485148514851,17,1,0
2025-07-01 17:30:00,9.36,34.8,53.86,109,Normal,0.08587155963302752,17,1,0
2025-07-01 17:35:00,9.62,33.34,66.69,93,Normal,0.10344086021505375,17,1,0
2025-07-01 17:40:00,9.17,20.34,60.26,97,Normal,0.0945360824742268,17,1,0
2025-07-01 17:45:00,10.01,29.33,61.41,109,High,0.0918348623853211,17,1,0
2025-07-01 17:50:00,9.71,23.97,47.56,96,Normal,0.10114583333333334,17,1,0
2025-07-01 17:55:00,9.51,23.41,65.0,108,Normal,0.08805555555555555,17,1,0
2025-07-01 18:00:00,10.34,29.5,65.41,96,High,0.10770833333333334,18,1,0
2025-07-01 18:05:00,9.85,24.65,65.49,97,Normal,0.10154639175257732,18,1,0
2025-07-01 18:10:00,8.86,21.96,62.35,110,Normal,0.08054545454545455,18,1,0
2025-07-01 18:15:00,9.42,22.49,59.58,108,Normal,0.08722222222222221,18,1,0
2025-07-01 18:20:00,10.2,26.89,45.2,88,High,0.1159090909090909,18,1,0
2025-07-01 18:25:00,9.9,30.88,59.6,109,Normal,0.0908256880733945,18,1,0
2025-07-01 18:30:00,9.61,20.63,69.61,104,Normal,0.09240384615384614,18,1,0
2025-07-01 18:35:00,10.67,26.86,42.65,133,High,0.08022556390977444,18,1,0
2025-07-01 18:40:00,10.37,31.89,59.89,100,High,0.10369999999999999,18,1,0
2025-07-01 18:45:00,9.88,32.07,51.72,114,Normal,0.08666666666666667,18,1,0
2025-07-01 18:50:00,11.14,24.71,55.66,96,High,0.11604166666666667,18,1,0
2025-07-01 18:55:00,10.37,31.28,54.14,89,High,0.11651685393258426,18,1,0
2025-07-01 19:00:00,11.35,27.19,46.62,100,High,0.11349999999999999,19,1,0
2025-07-01 19:05:00,9.8,33.02,51.88,110,Normal,0.0890909090909091,19,1,0
2025-07-01 19:10:00,10.72,34.83,67.7,100,High,0.1072,19,1,0
2025-07-01 19:15:00,11.67,22.63,60.67,100,High,0.1167,19,1,0
2025-07-01 19:20:00,10.28,22.57,59.98,101,High,0.10178217821782178,19,1,0
2025-07-01 19:25:00,10.59,28.68,59.19,91,High,0.11637362637362637,19,1,0
2025-07-01 19:30:00,10.84,30.37,44.9,90,High,0.12044444444444444,19,1,0
2025-07-01 19:35:00,10.64,21.43,48.44,118,High,0.09016949152542374,19,1,0
2025-07-01 19:40:00,10.51,22.24,44.61,109,High,0.09642201834862385,19,1,0
2025-07-01 19:45:00,11.69,30.77,62.66,100,High,0.11689999999999999,19,1,0
2025-07-01 19:50:00,11.4,23.97,59.69,111,High,0.10270270270270271,19,1,0
2025-07-01 19:55:00,11.23,20.82,61.94,103,High,0.10902912621359223,19,1,0
