Timestamp,Energy_Consumption,Temperature,Humidity,Production_Output,Machine_Status
2025-07-01 00:00:00,9.75,22.14,50.93,119,Normal
2025-07-01 00:05:00,10.64,28.02,61.63,88,High
2025-07-01 00:10:00,10.92,29.38,59.82,84,High
2025-07-01 00:15:00,10.87,24.3,46.94,96,High
2025-07-01 00:20:00,10.07,25.49,56.39,104,High
2025-07-01 00:25:00,11.02,31.46,65.83,106,High
2025-07-01 00:30:00,10.59,25.69,53.39,88,High
2025-07-01 00:35:00,11.04,33.95,65.45,111,High
2025-07-01 00:40:00,10.62,34.74,49.06,110,High
2025-07-01 00:45:00,11.13,24.92,57.79,110,High
2025-07-01 00:50:00,11.25,33.71,65.62,93,High
2025-07-01 00:55:00,10.93,30.11,54.07,88,High
2025-07-01 01:00:00,10.85,25.79,58.57,96,High
2025-07-01 01:05:00,12.12,23.23,48.85,81,High
2025-07-01 01:10:00,11.43,30.89,41.52,95,High
2025-07-01 01:15:00,10.44,23.04,59.94,103,High
2025-07-01 01:20:00,11.06,27.83,68.46,83,High
2025-07-01 01:25:00,10.85,33.76,45.56,98,High
2025-07-01 01:30:00,10.79,31.61,42.48,88,High
2025-07-01 01:35:00,11.81,28.05,51.58,98,High
2025-07-01 01:40:00,11.97,32.23,51.36,102,High
2025-07-01 01:45:00,10.36,25.59,53.17,92,High
2025-07-01 01:50:00,11.67,26.91,64.15,101,High
2025-07-01 01:55:00,12.4,33.74,48.42,89,High
2025-07-01 02:00:00,11.67,25.87,46.08,101,High
2025-07-01 02:05:00,11.02,29.48,53.8,114,High
2025-07-01 02:10:00,11.93,31.07,65.95,96,High
2025-07-01 02:15:00,11.03,30.16,62.88,96,High
2025-07-01 02:20:00,12.16,23.1,55.14,88,High
2025-07-01 02:25:00,11.38,33.91,61.34,100,High
2025-07-01 02:30:00,11.66,25.29,62.24,97,High
2025-07-01 02:35:00,11.84,27.28,55.75,115,High
2025-07-01 02:40:00,11.91,32.16,50.35,105,High
2025-07-01 02:45:00,12.03,33.46,66.14,108,High
2025-07-01 02:50:00,11.03,32.92,68.69,96,High
2025-07-01 02:55:00,12.17,26.12,44.78,94,High
2025-07-01 03:00:00,11.91,26.85,45.62,110,High
2025-07-01 03:05:00,11.91,28.83,47.91,112,High
2025-07-01 03:10:00,11.46,34.88,65.71,99,High
2025-07-01 03:15:00,12.32,25.07,52.77,100,High
2025-07-01 03:20:00,12.66,26.63,66.38,101,High
2025-07-01 03:25:00,11.73,28.34,48.18,116,High
2025-07-01 03:30:00,12.34,22.89,67.03,95,High
2025-07-01 03:35:00,12.14,24.39,66.63,90,High
2025-07-01 03:40:00,12.27,27.06,51.56,104,High
2025-07-01 03:45:00,11.91,32.14,63.06,101,High
2025-07-01 03:50:00,11.72,34.51,52.67,91,High
2025-07-01 03:55:00,11.94,23.13,55.81,110,High
2025-07-01 04:00:00,12.08,32.67,69.03,82,High
2025-07-01 04:05:00,11.58,21.64,41.28,104,High
2025-07-01 04:10:00,11.79,31.19,41.17,114,High
2025-07-01 04:15:00,13.03,31.89,48.34,103,High
2025-07-01 04:20:00,12.51,32.01,53.77,110,High
2025-07-01 04:25:00,12.73,30.35,56.96,104,High
2025-07-01 04:30:00,12.05,28.14,60.94,86,High
2025-07-01 04:35:00,11.15,21.72,59.81,87,High
2025-07-01 04:40:00,12.52,30.69,64.8,90,High
2025-07-01 04:45:00,12.58,28.8,50.42,93,High
2025-07-01 04:50:00,12.44,30.89,56.19,101,High
2025-07-01 04:55:00,12.32,33.71,43.34,97,High
2025-07-01 05:00:00,11.72,32.66,41.91,97,High
2025-07-01 05:05:00,12.54,22.45,44.49,97,High
2025-07-01 05:10:00,11.45,28.92,59.29,95,High
2025-07-01 05:15:00,14.27,31.46,40.32,96,High
2025-07-01 05:20:00,12.02,20.92,46.93,109,High
2025-07-01 05:25:00,12.25,31.51,62.29,118,High
2025-07-01 05:30:00,12.69,22.14,57.68,96,High
2025-07-01 05:35:00,12.53,24.4,50.92,87,High
2025-07-01 05:40:00,13.2,21.86,54.53,113,High
2025-07-01 05:45:00,12.6,29.31,42.91,107,High
2025-07-01 05:50:00,11.94,30.32,42.36,95,High
2025-07-01 05:55:00,11.48,23.25,58.89,94,High
2025-07-01 06:00:00,12.28,20.12,59.72,120,High
2025-07-01 06:05:00,13.01,23.21,68.3,117,High
2025-07-01 06:10:00,12.69,21.94,67.87,100,High
2025-07-01 06:15:00,10.83,20.37,41.85,112,High
2025-07-01 06:20:00,11.6,26.16,59.88,95,High
2025-07-01 06:25:00,12.81,22.36,45.38,88,High
2025-07-01 06:30:00,13.17,27.99,59.71,89,High
2025-07-01 06:35:00,12.82,20.69,69.98,110,High
2025-07-01 06:40:00,11.07,26.73,60.35,92,High
2025-07-01 06:45:00,11.18,30.86,59.55,82,High
2025-07-01 06:50:00,12.06,28.23,45.57,111,High
2025-07-01 06:55:00,11.84,34.45,60.24,116,High
2025-07-01 07:00:00,11.89,28.69,53.26,77,High
2025-07-01 07:05:00,12.25,28.74,46.33,72,High
2025-07-01 07:10:00,12.06,23.48,63.9,95,High
2025-07-01 07:15:00,11.74,22.97,48.9,113,High
2025-07-01 07:20:00,12.01,31.87,46.08,89,High
2025-07-01 07:25:00,12.94,21.77,49.42,97,High
2025-07-01 07:30:00,11.19,24.73,58.86,107,High
2025-07-01 07:35:00,11.23,20.94,59.83,94,High
2025-07-01 07:40:00,10.68,30.24,59.11,107,High
2025-07-01 07:45:00,11.34,25.2,53.32,110,High
2025-07-01 07:50:00,11.68,21.49,54.07,101,High
2025-07-01 07:55:00,12.05,24.81,65.08,99,High
2025-07-01 08:00:00,12.57,20.29,63.65,106,High
2025-07-01 08:05:00,12.01,24.28,50.85,107,High
2025-07-01 08:10:00,10.69,28.37,42.54,101,High
2025-07-01 08:15:00,11.84,34.82,48.18,107,High
2025-07-01 08:20:00,11.5,27.19,47.73,96,High
2025-07-01 08:25:00,11.18,29.86,67.38,108,High
2025-07-01 08:30:00,10.95,32.04,56.57,104,High
2025-07-01 08:35:00,11.1,30.44,68.83,97,High
2025-07-01 08:40:00,12.09,27.7,58.19,96,High
2025-07-01 08:45:00,11.69,24.78,51.6,91,High
2025-07-01 08:50:00,11.32,26.31,53.66,114,High
2025-07-01 08:55:00,10.77,24.36,50.54,106,High
2025-07-01 09:00:00,11.16,32.49,58.97,82,High
2025-07-01 09:05:00,10.59,20.42,49.9,101,High
2025-07-01 09:10:00,10.44,29.53,67.52,102,High
2025-07-01 09:15:00,10.98,28.91,59.43,108,High
2025-07-01 09:20:00,10.84,24.01,42.36,85,High
2025-07-01 09:25:00,10.93,28.59,46.36,94,High
2025-07-01 09:30:00,10.62,30.54,52.35,102,High
2025-07-01 09:35:00,11.1,25.55,44.45,96,High
2025-07-01 09:40:00,10.89,25.65,50.64,110,High
2025-07-01 09:45:00,10.52,21.15,67.92,99,High
2025-07-01 09:50:00,9.96,33.12,62.07,98,Normal
2025-07-01 09:55:00,11.11,26.11,56.39,93,High
2025-07-01 10:00:00,9.61,27.61,43.37,103,Normal
2025-07-01 10:05:00,9.4,29.47,41.04,97,Normal
2025-07-01 10:10:00,10.85,21.39,61.51,103,High
2025-07-01 10:15:00,11.01,24.59,50.33,115,High
2025-07-01 10:20:00,10.01,23.89,44.53,93,High
2025-07-01 10:25:00,10.57,20.54,47.53,99,High
2025-07-01 10:30:00,10.42,22.82,69.07,118,High
2025-07-01 10:35:00,9.02,32.97,61.15,85,Normal
2025-07-01 10:40:00,10.26,26.38,51.86,107,High
2025-07-01 10:45:00,9.33,27.54,67.49,88,Normal
2025-07-01 10:50:00,10.45,20.79,69.42,115,High
2025-07-01 10:55:00,10.59,27.57,48.38,104,High
2025-07-01 11:00:00,9.62,21.83,56.57,92,Normal
2025-07-01 11:05:00,9.9,21.71,43.07,105,Normal
2025-07-01 11:10:00,9.61,34.88,69.21,86,Normal
2025-07-01 11:15:00,9.88,27.68,46.35,99,Normal
2025-07-01 11:20:00,8.91,32.56,54.5,112,Normal
2025-07-01 11:25:00,9.99,29.77,53.72,93,Normal
2025-07-01 11:30:00,9.36,22.98,45.0,106,Normal
2025-07-01 11:35:00,8.82,23.39,59.71,96,Normal
2025-07-01 11:40:00,9.45,25.4,69.39,118,Normal
2025-07-01 11:45:00,9.31,29.33,42.45,89,Normal
2025-07-01 11:50:00,9.58,25.03,50.36,109,Normal
2025-07-01 11:55:00,9.12,23.13,42.62,108,Normal
2025-07-01 12:00:00,9.04,28.36,44.55,101,Normal
2025-07-01 12:05:00,8.75,32.67,45.33,115,Normal
2025-07-01 12:10:00,8.64,29.33,60.47,81,Normal
2025-07-01 12:15:00,10.28,29.06,47.73,101,High
2025-07-01 12:20:00,9.56,34.04,66.53,96,Normal
2025-07-01 12:25:00,9.34,30.44,69.44,104,Normal
2025-07-01 12:30:00,8.34,30.83,69.34,105,Normal
2025-07-01 12:35:00,8.92,28.88,49.67,101,Normal
2025-07-01 12:40:00,10.02,23.77,43.48,104,High
2025-07-01 12:45:00,8.25,28.44,52.03,85,Normal
2025-07-01 12:50:00,8.54,32.28,50.18,91,Normal
2025-07-01 12:55:00,8.43,22.9,67.85,98,Normal
2025-07-01 13:00:00,8.48,31.89,64.82,103,Normal
2025-07-01 13:05:00,9.83,25.32,67.41,116,Normal
2025-07-01 13:10:00,9.25,21.89,54.0,111,Normal
2025-07-01 13:15:00,8.75,29.59,44.88,81,Normal
2025-07-01 13:20:00,8.33,26.61,62.68,108,Normal
2025-07-01 13:25:00,8.93,32.65,60.83,104,Normal
2025-07-01 13:30:00,8.69,29.18,66.29,106,Normal
2025-07-01 13:35:00,8.57,31.73,50.95,113,Normal
2025-07-01 13:40:00,8.17,25.52,54.94,96,Normal
2025-07-01 13:45:00,8.59,25.01,45.69,117,Normal
2025-07-01 13:50:00,9.22,26.65,67.34,109,Normal
2025-07-01 13:55:00,9.1,33.55,53.65,121,Normal
2025-07-01 14:00:00,8.35,24.35,56.54,101,Normal
2025-07-01 14:05:00,7.43,33.34,54.11,106,Normal
2025-07-01 14:10:00,8.53,28.18,46.56,92,Normal
2025-07-01 14:15:00,7.98,24.58,62.7,98,Normal
2025-07-01 14:20:00,9.04,30.48,59.23,80,Normal
2025-07-01 14:25:00,8.08,20.68,59.36,96,Normal
2025-07-01 14:30:00,7.93,21.87,53.56,99,Normal
2025-07-01 14:35:00,8.86,21.92,44.09,98,Normal
2025-07-01 14:40:00,8.44,21.08,59.47,106,Normal
2025-07-01 14:45:00,7.68,20.81,53.54,112,Normal
2025-07-01 14:50:00,8.73,29.57,52.33,99,Normal
2025-07-01 14:55:00,7.89,31.46,60.36,96,Normal
2025-07-01 15:00:00,7.5,23.44,60.82,102,Normal
2025-07-01 15:05:00,8.39,20.86,58.64,92,Normal
2025-07-01 15:10:00,9.3,26.23,53.45,96,Normal
2025-07-01 15:15:00,8.11,23.15,50.88,105,Normal
2025-07-01 15:20:00,8.22,29.94,69.44,95,Normal
2025-07-01 15:25:00,7.72,20.08,57.33,94,Normal
2025-07-01 15:30:00,7.53,34.02,44.68,99,Normal
2025-07-01 15:35:00,8.05,29.0,51.64,101,Normal
2025-07-01 15:40:00,9.32,26.6,51.03,123,Normal
2025-07-01 15:45:00,8.53,26.17,67.06,120,Normal
2025-07-01 15:50:00,8.87,29.54,40.38,100,Normal
2025-07-01 15:55:00,8.45,33.84,61.68,91,Normal
2025-07-01 16:00:00,8.09,23.39,51.72,107,Normal
2025-07-01 16:05:00,8.61,21.47,52.63,96,Normal
2025-07-01 16:10:00,8.82,22.13,58.87,108,Normal
2025-07-01 16:15:00,9.2,25.54,59.16,102,Normal
2025-07-01 16:20:00,7.68,20.62,41.45,120,Normal
2025-07-01 16:25:00,7.85,31.95,67.79,86,Normal
2025-07-01 16:30:00,7.68,20.92,56.9,113,Normal
2025-07-01 16:35:00,8.41,30.13,56.95,89,Normal
2025-07-01 16:40:00,9.58,31.25,55.36,100,Normal
2025-07-01 16:45:00,8.78,31.07,56.02,103,Normal
2025-07-01 16:50:00,8.32,32.75,57.2,100,Normal
2025-07-01 16:55:00,9.06,25.41,55.98,99,Normal
2025-07-01 17:00:00,8.64,30.83,55.86,109,Normal
2025-07-01 17:05:00,8.72,20.62,53.95,100,Normal
2025-07-01 17:10:00,9.05,20.76,64.42,101,Normal
2025-07-01 17:15:00,8.71,34.23,44.8,90,Normal
2025-07-01 17:20:00,9.55,24.92,42.03,102,Normal
2025-07-01 17:25:00,8.65,22.72,49.22,108,Normal
2025-07-01 17:30:00,9.98,28.89,45.29,101,Normal
2025-07-01 17:35:00,9.87,28.16,47.8,86,Normal
2025-07-01 17:40:00,8.4,21.75,59.93,95,Normal
2025-07-01 17:45:00,8.87,30.48,60.72,103,Normal
2025-07-01 17:50:00,8.72,33.45,42.44,118,Normal
2025-07-01 17:55:00,9.82,29.52,57.87,110,Normal
2025-07-01 18:00:00,10.28,32.33,51.1,90,High
2025-07-01 18:05:00,9.5,31.65,52.73,102,Normal
2025-07-01 18:10:00,9.42,26.28,54.99,92,Normal
2025-07-01 18:15:00,9.56,34.45,52.58,103,Normal
2025-07-01 18:20:00,8.5,33.61,63.76,113,Normal
2025-07-01 18:25:00,9.27,29.36,50.29,112,Normal
2025-07-01 18:30:00,9.46,32.25,63.2,99,Normal
2025-07-01 18:35:00,9.39,32.74,48.21,94,Normal
2025-07-01 18:40:00,9.16,33.63,63.99,105,Normal
2025-07-01 18:45:00,10.01,29.76,62.33,102,High
2025-07-01 18:50:00,9.55,32.05,63.45,112,Normal
2025-07-01 18:55:00,9.84,31.28,68.32,105,Normal
2025-07-01 19:00:00,9.49,28.99,41.34,94,Normal
2025-07-01 19:05:00,8.71,20.34,40.79,92,Normal
2025-07-01 19:10:00,10.89,21.29,49.38,97,High
2025-07-01 19:15:00,9.5,24.69,42.73,101,Normal
2025-07-01 19:20:00,10.07,27.99,59.35,104,High
2025-07-01 19:25:00,10.31,21.8,62.07,89,High
2025-07-01 19:30:00,10.02,29.69,47.69,103,High
2025-07-01 19:35:00,10.24,23.89,67.69,113,High
2025-07-01 19:40:00,9.72,28.06,66.65,96,Normal
2025-07-01 19:45:00,9.79,34.1,52.68,105,Normal
2025-07-01 19:50:00,10.8,20.22,66.6,113,High
2025-07-01 19:55:00,10.22,25.69,64.58,102,High
2025-07-01 00:00:00,14.96,24.33,40.72,95,High
2025-07-01 00:05:00,15.22,22.61,52.42,83,High
2025-07-01 00:10:00,14.17,31.79,53.69,93,High
2025-07-01 00:15:00,14.89,23.94,46.59,118,High
2025-07-01 00:20:00,16.04,22.91,41.18,97,High
2025-07-01 00:25:00,15.34,23.62,65.76,119,High
2025-07-01 00:30:00,15.27,23.55,60.97,97,High
2025-07-01 00:35:00,16.42,25.48,69.51,83,High
2025-07-01 00:40:00,16.14,23.72,59.86,109,High
2025-07-01 00:45:00,15.05,21.04,55.63,88,High
2025-07-01 00:50:00,14.67,27.69,45.86,115,High
2025-07-01 00:55:00,16.12,33.51,55.69,102,High
2025-07-01 01:00:00,17.06,33.6,44.85,100,High
2025-07-01 01:05:00,15.85,25.02,65.8,92,High
2025-07-01 01:10:00,16.53,29.5,65.22,112,High
2025-07-01 01:15:00,14.8,32.87,51.87,124,High
2025-07-01 01:20:00,16.64,34.71,68.73,105,High
2025-07-01 01:25:00,16.63,20.19,48.55,108,High
2025-07-01 01:30:00,15.9,21.57,68.1,81,High
2025-07-01 01:35:00,15.74,32.52,59.97,79,High
2025-07-01 01:40:00,15.98,34.19,65.76,96,High
2025-07-01 01:45:00,15.8,25.48,60.38,100,High
2025-07-01 01:50:00,17.21,25.07,43.46,101,High
2025-07-01 01:55:00,17.1,28.7,50.33,83,High
2025-07-01 02:00:00,14.98,30.64,43.96,96,High
2025-07-01 02:05:00,15.53,32.7,46.95,81,High
2025-07-01 02:10:00,16.66,34.81,48.8,109,High
2025-07-01 02:15:00,16.14,34.39,68.73,104,High
2025-07-01 02:20:00,16.21,20.84,41.99,82,High
2025-07-01 02:25:00,17.04,23.08,49.95,98,High
2025-07-01 02:30:00,16.51,31.21,44.66,108,High
2025-07-01 02:35:00,16.02,29.02,61.59,94,High
2025-07-01 02:40:00,17.21,30.25,60.39,105,High
2025-07-01 02:45:00,17.82,30.84,46.24,97,High
2025-07-01 02:50:00,17.65,28.79,46.23,104,High
2025-07-01 02:55:00,18.05,32.85,69.74,100,High
2025-07-01 03:00:00,17.07,24.91,54.37,86,High
2025-07-01 03:05:00,16.58,22.51,60.63,111,High
2025-07-01 03:10:00,17.98,26.7,41.11,116,High
2025-07-01 03:15:00,17.22,24.47,59.94,111,High
2025-07-01 03:20:00,16.96,27.05,64.54,119,High
2025-07-01 03:25:00,17.42,29.45,64.49,76,High
2025-07-01 03:30:00,16.98,20.23,48.02,93,High
2025-07-01 03:35:00,18.8,25.1,41.73,98,High
2025-07-01 03:40:00,17.25,25.34,48.33,109,High
2025-07-01 03:45:00,16.84,32.38,58.84,78,High
2025-07-01 03:50:00,17.65,25.47,54.37,102,High
2025-07-01 03:55:00,17.0,33.92,49.6,86,High
2025-07-01 04:00:00,18.51,25.72,69.95,100,High
2025-07-01 04:05:00,17.13,27.85,62.38,86,High
2025-07-01 04:10:00,17.15,30.47,61.11,89,High
2025-07-01 04:15:00,18.29,26.72,44.22,97,High
2025-07-01 04:20:00,19.79,22.15,53.3,102,High
2025-07-01 04:25:00,18.02,32.95,40.39,102,High
2025-07-01 04:30:00,18.89,32.07,53.04,104,High
2025-07-01 04:35:00,19.12,25.57,60.09,121,High
2025-07-01 04:40:00,17.49,34.96,61.23,93,High
2025-07-01 04:45:00,18.47,31.37,60.48,88,High
2025-07-01 04:50:00,17.7,34.8,42.22,91,High
2025-07-01 04:55:00,17.85,24.65,45.01,104,High
2025-07-01 05:00:00,18.78,22.29,50.32,113,High
2025-07-01 05:05:00,17.86,24.52,52.36,95,High
2025-07-01 05:10:00,19.39,22.63,62.49,98,High
2025-07-01 05:15:00,18.9,20.86,45.63,108,High
2025-07-01 05:20:00,17.89,31.19,54.61,101,High
2025-07-01 05:25:00,18.01,22.54,57.96,97,High
2025-07-01 05:30:00,18.81,21.11,67.06,93,High
2025-07-01 05:35:00,17.49,33.32,48.61,104,High
2025-07-01 05:40:00,17.15,27.86,64.04,95,High
2025-07-01 05:45:00,17.03,23.92,51.09,110,High
2025-07-01 05:50:00,19.27,21.78,47.25,100,High
2025-07-01 05:55:00,18.4,32.93,53.61,97,High
2025-07-01 06:00:00,18.42,20.22,64.15,100,High
2025-07-01 06:05:00,18.05,26.86,47.13,95,High
2025-07-01 06:10:00,17.29,33.61,54.5,89,High
2025-07-01 06:15:00,17.72,21.52,67.17,113,High
2025-07-01 06:20:00,16.62,21.72,43.65,90,High
2025-07-01 06:25:00,16.76,33.3,47.21,112,High
2025-07-01 06:30:00,16.54,26.33,54.57,99,High
2025-07-01 06:35:00,17.01,24.46,49.89,101,High
2025-07-01 06:40:00,17.53,28.14,60.44,104,High
2025-07-01 06:45:00,17.77,22.58,60.66,101,High
2025-07-01 06:50:00,16.26,25.88,42.32,107,High
2025-07-01 06:55:00,17.27,29.91,42.02,87,High
2025-07-01 07:00:00,17.63,22.28,49.61,105,High
2025-07-01 07:05:00,17.22,32.58,52.36,104,High
2025-07-01 07:10:00,16.92,27.82,44.39,87,High
2025-07-01 07:15:00,18.09,23.32,41.28,126,High
2025-07-01 07:20:00,17.21,21.6,40.24,107,High
2025-07-01 07:25:00,17.04,21.45,65.96,114,High
2025-07-01 07:30:00,16.67,27.55,67.59,81,High
2025-07-01 07:35:00,17.46,22.2,54.1,91,High
2025-07-01 07:40:00,17.11,23.82,66.32,97,High
2025-07-01 07:45:00,15.91,24.25,64.04,98,High
2025-07-01 07:50:00,16.81,21.59,61.19,102,High
2025-07-01 07:55:00,16.09,27.61,53.09,109,High
2025-07-01 08:00:00,16.75,23.41,65.02,90,High
2025-07-01 08:05:00,15.15,33.61,55.02,113,High
2025-07-01 08:10:00,16.27,33.76,45.22,116,High
2025-07-01 08:15:00,17.01,21.91,57.21,107,High
2025-07-01 08:20:00,15.66,23.08,40.98,88,High
2025-07-01 08:25:00,15.74,26.3,62.76,94,High
2025-07-01 08:30:00,16.39,26.32,52.34,92,High
2025-07-01 08:35:00,16.45,22.15,50.32,108,High
2025-07-01 08:40:00,15.56,34.72,43.46,107,High
2025-07-01 08:45:00,16.51,29.53,43.87,107,High
2025-07-01 08:50:00,15.96,20.82,55.78,97,High
2025-07-01 08:55:00,14.75,33.71,40.57,98,High
2025-07-01 09:00:00,14.84,30.34,65.34,102,High
2025-07-01 09:05:00,14.93,31.4,44.21,84,High
2025-07-01 09:10:00,15.28,33.44,40.51,97,High
2025-07-01 09:15:00,14.6,34.63,63.3,109,High
2025-07-01 09:20:00,14.8,26.84,57.18,93,High
2025-07-01 09:25:00,15.02,23.13,68.5,84,High
2025-07-01 09:30:00,14.78,30.34,66.29,90,High
2025-07-01 09:35:00,16.0,20.98,45.51,104,High
2025-07-01 09:40:00,13.72,34.27,46.53,92,High
2025-07-01 09:45:00,15.01,29.88,61.31,87,High
2025-07-01 09:50:00,14.82,33.56,58.83,99,High
2025-07-01 09:55:00,15.13,33.39,45.03,87,High
2025-07-01 10:00:00,14.98,26.05,49.35,108,High
2025-07-01 10:05:00,14.24,27.15,42.91,93,High
2025-07-01 10:10:00,13.79,32.22,58.49,106,High
2025-07-01 10:15:00,12.9,26.58,69.24,106,High
2025-07-01 10:20:00,13.81,25.92,48.93,113,High
2025-07-01 10:25:00,13.73,30.58,54.46,96,High
2025-07-01 10:30:00,13.44,33.42,61.68,90,High
2025-07-01 10:35:00,13.56,32.54,54.28,85,High
2025-07-01 10:40:00,13.94,24.69,61.08,90,High
2025-07-01 10:45:00,14.47,21.93,53.5,107,High
2025-07-01 10:50:00,14.17,30.89,49.03,93,High
2025-07-01 10:55:00,13.97,30.16,69.05,87,High
2025-07-01 11:00:00,13.94,21.84,57.04,109,High
2025-07-01 11:05:00,14.75,25.09,44.95,110,High
2025-07-01 11:10:00,14.2,25.43,54.32,107,High
2025-07-01 11:15:00,13.84,32.17,40.74,88,High
2025-07-01 11:20:00,14.87,27.49,65.13,101,High
2025-07-01 11:25:00,12.7,23.8,60.65,98,High
2025-07-01 11:30:00,14.0,24.57,42.81,110,High
2025-07-01 11:35:00,14.16,32.37,49.87,88,High
2025-07-01 11:40:00,13.01,34.41,63.5,92,High
2025-07-01 11:45:00,14.12,32.58,54.02,102,High
2025-07-01 11:50:00,13.68,34.3,42.53,97,High
2025-07-01 11:55:00,12.39,23.1,66.32,108,High
2025-07-01 12:00:00,13.35,34.86,64.58,100,High
2025-07-01 12:05:00,12.82,24.66,62.82,101,High
2025-07-01 12:10:00,12.11,32.88,63.72,92,High
2025-07-01 12:15:00,12.35,26.68,44.3,95,High
2025-07-01 12:20:00,12.73,31.33,54.97,110,High
2025-07-01 12:25:00,12.89,33.35,47.96,91,High
2025-07-01 12:30:00,12.06,20.84,46.83,95,High
2025-07-01 12:35:00,12.99,21.62,55.57,109,High
2025-07-01 12:40:00,13.07,22.77,47.5,123,High
2025-07-01 12:45:00,12.94,33.25,50.7,98,High
2025-07-01 12:50:00,13.23,26.7,54.19,114,High
2025-07-01 12:55:00,12.15,28.0,55.13,101,High
2025-07-01 13:00:00,12.18,21.75,62.62,96,High
2025-07-01 13:05:00,13.29,32.73,53.22,94,High
2025-07-01 13:10:00,11.51,33.97,61.19,105,High
2025-07-01 13:15:00,10.97,26.84,56.26,94,High
2025-07-01 13:20:00,12.67,32.75,48.44,93,High
2025-07-01 13:25:00,12.29,29.44,40.58,74,High
2025-07-01 13:30:00,12.15,22.98,64.18,106,High
2025-07-01 13:35:00,11.71,26.16,58.35,113,High
2025-07-01 13:40:00,12.34,24.02,49.36,104,High
2025-07-01 13:45:00,12.64,20.19,42.0,103,High
2025-07-01 13:50:00,11.68,28.65,54.77,108,High
2025-07-01 13:55:00,11.9,32.48,47.97,120,High
2025-07-01 14:00:00,10.46,21.33,69.55,89,High
2025-07-01 14:05:00,11.68,29.17,55.39,106,High
2025-07-01 14:10:00,11.54,20.41,68.91,107,High
2025-07-01 14:15:00,12.86,31.57,55.92,113,High
2025-07-01 14:20:00,11.34,27.2,60.53,106,High
2025-07-01 14:25:00,12.39,30.78,59.66,82,High
2025-07-01 14:30:00,12.02,25.24,62.48,99,High
2025-07-01 14:35:00,11.73,21.17,59.07,97,High
2025-07-01 14:40:00,11.92,27.62,55.55,98,High
2025-07-01 14:45:00,11.92,31.46,68.82,106,High
2025-07-01 14:50:00,11.1,29.11,56.34,75,High
2025-07-01 14:55:00,12.98,31.05,60.77,99,High
2025-07-01 15:00:00,10.29,25.77,44.56,103,High
2025-07-01 15:05:00,12.77,22.9,59.02,114,High
2025-07-01 15:10:00,11.89,21.4,42.16,102,High
2025-07-01 15:15:00,11.33,29.76,60.54,89,High
2025-07-01 15:20:00,11.79,20.39,67.99,94,High
2025-07-01 15:25:00,12.74,22.33,58.64,118,High
2025-07-01 15:30:00,10.77,27.4,42.2,108,High
2025-07-01 15:35:00,11.39,23.2,47.42,100,High
2025-07-01 15:40:00,11.05,31.71,45.25,99,High
2025-07-01 15:45:00,13.07,24.59,42.49,105,High
2025-07-01 15:50:00,11.45,31.56,66.7,102,High
2025-07-01 15:55:00,11.82,25.57,56.54,104,High
2025-07-01 16:00:00,13.46,29.25,64.67,103,High
2025-07-01 16:05:00,13.83,25.8,42.33,114,High
2025-07-01 16:10:00,11.9,20.09,46.46,97,High
2025-07-01 16:15:00,11.75,27.68,67.38,94,High
2025-07-01 16:20:00,12.91,22.05,58.14,105,High
2025-07-01 16:25:00,11.9,33.73,55.24,111,High
2025-07-01 16:30:00,10.98,23.76,68.52,111,High
2025-07-01 16:35:00,12.0,34.6,59.65,101,High
2025-07-01 16:40:00,11.14,21.46,68.75,110,High
2025-07-01 16:45:00,13.34,27.68,42.35,103,High
2025-07-01 16:50:00,12.03,20.92,48.28,91,High
2025-07-01 16:55:00,13.05,34.31,68.96,105,High
2025-07-01 17:00:00,12.1,20.33,46.4,95,High
2025-07-01 17:05:00,12.68,22.48,52.66,106,High
2025-07-01 17:10:00,12.73,25.9,52.4,81,High
2025-07-01 17:15:00,12.74,31.7,56.92,94,High
2025-07-01 17:20:00,13.26,30.89,52.07,94,High
2025-07-01 17:25:00,14.02,24.63,59.5,88,High
2025-07-01 17:30:00,13.31,33.14,65.19,91,High
2025-07-01 17:35:00,13.34,20.09,44.35,111,High
2025-07-01 17:40:00,12.69,29.75,57.84,95,High
2025-07-01 17:45:00,11.45,21.09,45.22,100,High
2025-07-01 17:50:00,11.53,21.45,41.9,95,High
2025-07-01 17:55:00,12.04,34.78,46.34,106,High
2025-07-01 18:00:00,13.56,25.52,65.66,96,High
2025-07-01 18:05:00,13.53,34.81,61.85,103,High
2025-07-01 18:10:00,13.03,32.94,52.38,93,High
2025-07-01 18:15:00,13.48,21.98,61.66,102,High
2025-07-01 18:20:00,14.77,22.7,45.79,100,High
2025-07-01 18:25:00,12.62,30.66,66.98,97,High
2025-07-01 18:30:00,14.01,33.4,47.8,86,High
2025-07-01 18:35:00,12.8,29.35,66.48,89,High
2025-07-01 18:40:00,14.72,25.97,60.5,97,High
2025-07-01 18:45:00,13.68,23.7,50.36,96,High
2025-07-01 18:50:00,14.41,32.19,68.7,97,High
2025-07-01 18:55:00,14.24,28.99,64.96,107,High
2025-07-01 19:00:00,14.48,34.24,62.15,102,High
2025-07-01 19:05:00,11.98,27.74,57.58,86,High
2025-07-01 19:10:00,14.65,26.23,69.97,86,High
2025-07-01 19:15:00,14.54,29.3,51.07,98,High
2025-07-01 19:20:00,13.14,32.23,55.33,108,High
2025-07-01 19:25:00,13.81,20.73,64.94,107,High
2025-07-01 19:30:00,14.99,27.13,60.94,114,High
2025-07-01 19:35:00,14.23,22.88,63.81,104,High
2025-07-01 19:40:00,14.89,30.99,65.22,102,High
2025-07-01 19:45:00,13.14,26.57,68.53,94,High
2025-07-01 19:50:00,14.55,34.41,64.33,99,High
2025-07-01 19:55:00,14.4,25.27,55.68,105,High
2025-07-01 00:00:00,8.73,25.68,62.16,93,Normal
2025-07-01 00:05:00,8.53,25.29,65.63,109,Normal
2025-07-01 00:10:00,9.28,20.7,56.08,87,Normal
2025-07-01 00:15:00,9.52,21.97,65.05,105,Normal
2025-07-01 00:20:00,9.46,27.61,50.85,106,Normal
2025-07-01 00:25:00,9.48,27.06,61.01,108,Normal
2025-07-01 00:30:00,9.28,31.9,64.98,106,Normal
2025-07-01 00:35:00,9.09,26.59,40.42,101,Normal
2025-07-01 00:40:00,9.92,23.47,59.19,104,Normal
2025-07-01 00:45:00,9.37,28.57,47.93,110,Normal
2025-07-01 00:50:00,9.68,24.96,65.43,93,Normal
2025-07-01 00:55:00,8.98,34.15,40.59,100,Normal
2025-07-01 01:00:00,9.04,23.66,51.32,101,Normal
2025-07-01 01:05:00,10.33,20.31,51.22,88,High
2025-07-01 01:10:00,9.55,29.62,49.27,83,Normal
2025-07-01 01:15:00,10.6,27.08,45.26,118,High
2025-07-01 01:20:00,9.34,28.19,61.71,93,Normal
2025-07-01 01:25:00,9.61,30.72,58.34,109,Normal
2025-07-01 01:30:00,9.89,33.78,43.2,99,Normal
2025-07-01 01:35:00,10.01,30.57,69.62,101,High
2025-07-01 01:40:00,9.74,22.56,60.79,98,Normal
2025-07-01 01:45:00,9.83,21.4,68.02,99,Normal
2025-07-01 01:50:00,10.17,22.32,42.71,84,High
2025-07-01 01:55:00,9.37,25.65,59.27,114,Normal
2025-07-01 02:00:00,10.2,22.13,60.91,114,High
2025-07-01 02:05:00,9.18,21.16,46.23,119,Normal
2025-07-01 02:10:00,10.37,21.42,67.22,92,High
2025-07-01 02:15:00,10.11,31.94,53.63,116,High
2025-07-01 02:20:00,10.43,30.39,51.58,93,High
2025-07-01 02:25:00,10.17,32.71,55.79,99,High
2025-07-01 02:30:00,10.0,33.63,52.65,91,Normal
2025-07-01 02:35:00,10.86,32.24,44.89,96,High
2025-07-01 02:40:00,10.74,33.26,57.22,101,High
2025-07-01 02:45:00,10.6,21.82,60.29,81,High
2025-07-01 02:50:00,10.96,31.84,66.48,82,High
2025-07-01 02:55:00,10.64,32.25,61.86,92,High
2025-07-01 03:00:00,10.41,30.86,53.45,99,High
2025-07-01 03:05:00,10.1,33.51,56.41,90,High
2025-07-01 03:10:00,10.53,32.99,46.07,104,High
2025-07-01 03:15:00,8.88,30.56,46.34,97,Normal
2025-07-01 03:20:00,10.9,22.69,62.74,103,High
2025-07-01 03:25:00,10.34,23.02,58.23,99,High
2025-07-01 03:30:00,10.67,28.18,56.95,108,High
2025-07-01 03:35:00,10.61,30.83,62.69,118,High
2025-07-01 03:40:00,10.93,30.21,58.64,116,High
2025-07-01 03:45:00,9.08,20.75,51.53,91,Normal
2025-07-01 03:50:00,10.58,33.68,41.55,99,High
2025-07-01 03:55:00,10.37,24.86,54.73,94,High
2025-07-01 04:00:00,9.97,32.72,67.57,101,Normal
2025-07-01 04:05:00,10.66,33.51,57.31,101,High
2025-07-01 04:10:00,11.16,24.11,59.33,103,High
2025-07-01 04:15:00,10.36,32.44,52.05,96,High
2025-07-01 04:20:00,10.46,28.87,43.36,84,High
2025-07-01 04:25:00,10.78,24.63,47.43,113,High
2025-07-01 04:30:00,11.06,34.44,69.59,90,High
2025-07-01 04:35:00,11.22,29.16,46.88,109,High
2025-07-01 04:40:00,10.72,30.6,68.21,105,High
2025-07-01 04:45:00,10.86,34.74,65.68,95,High
2025-07-01 04:50:00,10.09,22.69,59.62,119,High
2025-07-01 04:55:00,10.74,22.67,50.39,121,High
2025-07-01 05:00:00,10.17,21.81,41.15,96,High
2025-07-01 05:05:00,10.92,32.98,43.46,94,High
2025-07-01 05:10:00,11.43,30.42,52.12,117,High
2025-07-01 05:15:00,10.78,21.82,59.46,97,High
2025-07-01 05:20:00,10.66,21.89,62.5,92,High
2025-07-01 05:25:00,11.07,26.42,63.71,124,High
2025-07-01 05:30:00,11.51,24.56,54.25,107,High
2025-07-01 05:35:00,10.62,26.73,59.03,98,High
2025-07-01 05:40:00,10.31,26.59,53.48,104,High
2025-07-01 05:45:00,10.71,22.27,45.0,107,High
2025-07-01 05:50:00,11.0,24.71,64.3,92,High
2025-07-01 05:55:00,10.24,21.08,52.93,87,High
2025-07-01 06:00:00,11.07,30.45,69.79,105,High
2025-07-01 06:05:00,10.18,25.69,54.62,104,High
2025-07-01 06:10:00,11.7,25.53,43.59,103,High
2025-07-01 06:15:00,10.5,34.12,57.72,110,High
2025-07-01 06:20:00,10.39,31.41,41.61,104,High
2025-07-01 06:25:00,10.26,25.36,56.84,103,High
2025-07-01 06:30:00,10.91,25.2,56.78,97,High
2025-07-01 06:35:00,10.88,21.74,66.02,95,High
2025-07-01 06:40:00,10.54,30.39,46.87,102,High
2025-07-01 06:45:00,9.71,30.8,67.33,91,Normal
2025-07-01 06:50:00,10.23,34.41,66.28,92,High
2025-07-01 06:55:00,10.44,23.1,68.25,96,High
2025-07-01 07:00:00,11.05,22.22,49.81,109,High
2025-07-01 07:05:00,10.45,31.98,47.78,99,High
2025-07-01 07:10:00,10.45,28.21,67.19,80,High
2025-07-01 07:15:00,10.09,24.91,58.22,92,High
2025-07-01 07:20:00,10.39,32.48,66.27,111,High
2025-07-01 07:25:00,10.1,21.6,68.57,100,High
2025-07-01 07:30:00,9.89,32.11,48.5,89,Normal
2025-07-01 07:35:00,10.29,34.39,40.81,95,High
2025-07-01 07:40:00,9.2,29.34,46.47,98,Normal
2025-07-01 07:45:00,9.49,32.76,62.36,107,Normal
2025-07-01 07:50:00,10.12,35.0,54.38,101,High
2025-07-01 07:55:00,10.32,24.32,64.02,89,High
2025-07-01 08:00:00,10.54,24.32,55.96,88,High
2025-07-01 08:05:00,10.12,30.39,64.41,96,High
2025-07-01 08:10:00,10.39,33.46,63.07,88,High
2025-07-01 08:15:00,10.13,31.49,64.86,104,High
2025-07-01 08:20:00,9.73,23.65,42.78,107,Normal
2025-07-01 08:25:00,9.63,31.42,63.21,84,Normal
2025-07-01 08:30:00,10.99,28.58,65.06,103,High
2025-07-01 08:35:00,10.18,32.79,55.17,103,High
2025-07-01 08:40:00,9.99,22.65,54.09,100,Normal
2025-07-01 08:45:00,10.03,27.35,57.1,101,High
2025-07-01 08:50:00,8.62,32.85,62.59,95,Normal
2025-07-01 08:55:00,9.06,27.65,61.9,102,Normal
2025-07-01 09:00:00,9.62,32.23,45.88,99,Normal
2025-07-01 09:05:00,9.16,30.68,43.2,100,Normal
2025-07-01 09:10:00,9.31,22.61,68.97,106,Normal
2025-07-01 09:15:00,9.0,27.09,41.01,118,Normal
2025-07-01 09:20:00,9.24,34.82,69.1,84,Normal
2025-07-01 09:25:00,9.68,22.07,47.58,117,Normal
2025-07-01 09:30:00,9.64,26.29,45.76,97,Normal
2025-07-01 09:35:00,8.72,30.17,44.31,94,Normal
2025-07-01 09:40:00,9.03,23.22,68.66,105,Normal
2025-07-01 09:45:00,8.91,21.96,56.74,109,Normal
2025-07-01 09:50:00,9.95,27.57,45.59,106,Normal
2025-07-01 09:55:00,9.35,34.11,64.72,102,Normal
2025-07-01 10:00:00,8.83,22.87,54.91,100,Normal
2025-07-01 10:05:00,9.78,34.56,65.41,88,Normal
2025-07-01 10:10:00,9.17,32.43,48.31,75,Normal
2025-07-01 10:15:00,9.28,20.45,45.2,93,Normal
2025-07-01 10:20:00,8.47,23.12,69.66,105,Normal
2025-07-01 10:25:00,9.03,24.69,42.48,89,Normal
2025-07-01 10:30:00,8.6,34.9,43.96,124,Normal
2025-07-01 10:35:00,9.47,25.67,66.17,127,Normal
2025-07-01 10:40:00,8.92,21.64,59.54,104,Normal
2025-07-01 10:45:00,8.07,26.53,52.66,98,Normal
2025-07-01 10:50:00,8.1,30.09,49.4,111,Normal
2025-07-01 10:55:00,8.46,34.61,59.59,97,Normal
2025-07-01 11:00:00,7.59,28.15,62.04,95,Normal
2025-07-01 11:05:00,8.89,25.43,53.95,100,Normal
2025-07-01 11:10:00,8.39,29.35,69.3,99,Normal
2025-07-01 11:15:00,7.77,33.9,46.55,101,Normal
2025-07-01 11:20:00,8.39,32.94,49.96,85,Normal
2025-07-01 11:25:00,8.04,26.89,40.54,120,Normal
2025-07-01 11:30:00,8.16,33.08,62.36,91,Normal
2025-07-01 11:35:00,7.22,31.27,67.17,114,Normal
2025-07-01 11:40:00,8.07,20.03,46.65,94,Normal
2025-07-01 11:45:00,7.79,29.34,42.8,79,Normal
2025-07-01 11:50:00,8.22,23.54,48.23,89,Normal
2025-07-01 11:55:00,7.97,26.92,40.99,103,Normal
2025-07-01 12:00:00,7.38,30.62,54.39,94,Normal
2025-07-01 12:05:00,8.22,27.5,53.37,97,Normal
2025-07-01 12:10:00,7.95,31.34,57.86,98,Normal
2025-07-01 12:15:00,8.03,33.92,63.45,91,Normal
2025-07-01 12:20:00,7.81,28.73,55.21,108,Normal
2025-07-01 12:25:00,8.15,28.45,67.17,94,Normal
2025-07-01 12:30:00,7.88,24.09,43.49,97,Normal
2025-07-01 12:35:00,7.41,32.9,48.83,111,Normal
2025-07-01 12:40:00,7.84,32.42,66.58,87,Normal
2025-07-01 12:45:00,8.08,34.8,56.2,87,Normal
2025-07-01 12:50:00,7.36,27.66,41.13,95,Normal
2025-07-01 12:55:00,7.19,34.34,48.92,111,Normal
2025-07-01 13:00:00,6.93,29.94,63.3,96,Normal
2025-07-01 13:05:00,8.01,31.64,66.59,115,Normal
2025-07-01 13:10:00,7.46,33.48,59.51,97,Normal
2025-07-01 13:15:00,7.14,23.24,65.97,104,Normal
2025-07-01 13:20:00,7.9,25.98,58.4,94,Normal
2025-07-01 13:25:00,7.34,28.51,69.9,107,Normal
2025-07-01 13:30:00,7.83,22.84,67.01,91,Normal
2025-07-01 13:35:00,7.68,20.48,67.84,104,Normal
2025-07-01 13:40:00,7.21,30.64,69.98,84,Normal
2025-07-01 13:45:00,7.45,21.13,46.66,102,Normal
2025-07-01 13:50:00,7.8,29.71,52.35,113,Normal
2025-07-01 13:55:00,6.51,30.91,61.56,99,Normal
2025-07-01 14:00:00,6.73,20.37,69.82,114,Normal
2025-07-01 14:05:00,7.79,33.12,47.39,93,Normal
2025-07-01 14:10:00,7.25,33.51,45.53,113,Normal
2025-07-01 14:15:00,6.85,21.78,43.38,90,Normal
2025-07-01 14:20:00,7.21,29.09,48.95,124,Normal
2025-07-01 14:25:00,7.45,30.52,43.29,90,Normal
2025-07-01 14:30:00,7.53,33.49,66.52,107,Normal
2025-07-01 14:35:00,7.4,26.77,40.97,103,Normal
2025-07-01 14:40:00,7.33,28.12,49.84,109,Normal
2025-07-01 14:45:00,6.82,30.32,55.08,103,Normal
2025-07-01 14:50:00,7.6,33.27,67.49,104,Normal
2025-07-01 14:55:00,7.41,29.77,58.82,100,Normal
2025-07-01 15:00:00,7.5,30.47,67.28,120,Normal
2025-07-01 15:05:00,6.87,33.78,64.52,105,Normal
2025-07-01 15:10:00,6.62,27.41,53.18,100,Normal
2025-07-01 15:15:00,6.85,23.68,43.19,100,Normal
2025-07-01 15:20:00,7.59,33.02,47.94,86,Normal
2025-07-01 15:25:00,6.82,24.17,43.66,119,Normal
2025-07-01 15:30:00,7.22,34.56,57.66,106,Normal
2025-07-01 15:35:00,7.7,31.24,52.51,109,Normal
2025-07-01 15:40:00,7.3,32.17,59.98,115,Normal
2025-07-01 15:45:00,7.48,25.88,56.51,109,Normal
2025-07-01 15:50:00,7.59,23.45,49.71,93,Normal
2025-07-01 15:55:00,6.75,29.66,52.71,93,Normal
2025-07-01 16:00:00,7.84,31.18,54.08,87,Normal
2025-07-01 16:05:00,7.32,34.94,47.27,110,Normal
2025-07-01 16:10:00,6.48,21.76,40.29,100,Normal
2025-07-01 16:15:00,8.34,34.59,52.22,103,Normal
2025-07-01 16:20:00,7.93,30.22,42.24,95,Normal
2025-07-01 16:25:00,8.2,28.94,64.28,102,Normal
2025-07-01 16:30:00,7.84,27.98,63.1,80,Normal
2025-07-01 16:35:00,7.2,21.41,67.6,106,Normal
2025-07-01 16:40:00,9.18,28.86,56.63,83,Normal
2025-07-01 16:45:00,6.57,26.46,43.65,96,Normal
2025-07-01 16:50:00,7.68,21.62,55.39,96,Normal
2025-07-01 16:55:00,7.23,27.42,66.06,100,Normal
2025-07-01 17:00:00,7.75,22.67,48.77,93,Normal
2025-07-01 17:05:00,7.73,31.15,66.8,101,Normal
2025-07-01 17:10:00,7.34,33.15,42.5,74,Normal
2025-07-01 17:15:00,7.08,21.83,64.04,111,Normal
2025-07-01 17:20:00,7.3,21.62,65.24,98,Normal
2025-07-01 17:25:00,7.24,26.96,62.59,95,Normal
2025-07-01 17:30:00,7.28,24.32,57.48,124,Normal
2025-07-01 17:35:00,7.2,27.43,43.24,104,Normal
2025-07-01 17:40:00,8.12,34.59,59.02,99,Normal
2025-07-01 17:45:00,7.9,22.51,40.15,110,Normal
2025-07-01 17:50:00,8.18,22.98,46.49,100,Normal
2025-07-01 17:55:00,7.98,22.9,67.18,96,Normal
2025-07-01 18:00:00,7.51,28.63,51.86,100,Normal
2025-07-01 18:05:00,8.33,21.42,69.1,88,Normal
2025-07-01 18:10:00,8.57,34.66,65.71,85,Normal
2025-07-01 18:15:00,7.71,34.05,65.69,103,Normal
2025-07-01 18:20:00,8.15,22.93,52.41,88,Normal
2025-07-01 18:25:00,8.16,29.34,63.06,90,Normal
2025-07-01 18:30:00,7.93,20.24,56.12,97,Normal
2025-07-01 18:35:00,7.37,30.96,58.66,98,Normal
2025-07-01 18:40:00,8.32,25.0,53.31,101,Normal
2025-07-01 18:45:00,9.4,20.88,60.68,90,Normal
2025-07-01 18:50:00,8.14,29.2,59.59,121,Normal
2025-07-01 18:55:00,8.58,23.5,46.66,95,Normal
2025-07-01 19:00:00,8.48,23.82,59.34,99,Normal
2025-07-01 19:05:00,7.87,20.1,51.06,83,Normal
2025-07-01 19:10:00,8.57,25.4,49.59,112,Normal
2025-07-01 19:15:00,8.7,32.11,62.36,92,Normal
2025-07-01 19:20:00,8.59,32.78,40.48,103,Normal
2025-07-01 19:25:00,9.11,28.3,44.56,94,Normal
2025-07-01 19:30:00,8.93,21.23,44.89,105,Normal
2025-07-01 19:35:00,9.27,28.81,62.97,108,Normal
2025-07-01 19:40:00,8.7,27.23,54.24,105,Normal
2025-07-01 19:45:00,8.8,21.83,43.69,108,Normal
2025-07-01 19:50:00,9.34,27.16,61.92,105,Normal
2025-07-01 19:55:00,9.05,31.7,64.05,104,Normal
2025-07-01 00:00:00,13.07,27.57,55.76,105,High
2025-07-01 00:05:00,13.11,34.91,57.18,88,High
2025-07-01 00:10:00,14.0,33.0,63.17,88,High
2025-07-01 00:15:00,15.52,30.7,52.17,99,High
2025-07-01 00:20:00,13.77,24.5,48.83,98,High
2025-07-01 00:25:00,13.14,23.45,49.61,84,High
2025-07-01 00:30:00,13.6,31.31,51.78,109,High
2025-07-01 00:35:00,14.13,29.26,55.12,90,High
2025-07-01 00:40:00,14.46,26.74,65.41,94,High
2025-07-01 00:45:00,13.81,25.64,43.63,104,High
2025-07-01 00:50:00,13.68,27.17,66.14,113,High
2025-07-01 00:55:00,14.44,20.83,63.3,105,High
2025-07-01 01:00:00,16.17,31.89,69.94,104,High
2025-07-01 01:05:00,12.63,25.52,48.95,105,High
2025-07-01 01:10:00,14.5,33.49,49.88,97,High
2025-07-01 01:15:00,14.36,20.51,53.13,93,High
2025-07-01 01:20:00,15.86,34.64,45.32,97,High
2025-07-01 01:25:00,14.87,27.53,50.84,91,High
2025-07-01 01:30:00,14.95,24.17,61.56,110,High
2025-07-01 01:35:00,16.39,28.21,46.51,111,High
2025-07-01 01:40:00,14.89,23.52,61.47,82,High
2025-07-01 01:45:00,14.71,27.84,67.91,107,High
2025-07-01 01:50:00,15.17,25.42,58.57,101,High
2025-07-01 01:55:00,13.91,30.89,54.88,88,High
2025-07-01 02:00:00,15.35,29.57,54.43,101,High
2025-07-01 02:05:00,15.42,32.7,60.67,96,High
2025-07-01 02:10:00,16.48,21.83,46.49,90,High
2025-07-01 02:15:00,15.82,26.05,51.93,114,High
2025-07-01 02:20:00,15.33,28.09,64.04,96,High
2025-07-01 02:25:00,15.95,20.9,47.11,103,High
2025-07-01 02:30:00,15.11,24.19,52.09,106,High
2025-07-01 02:35:00,15.4,20.42,55.59,104,High
2025-07-01 02:40:00,17.5,29.05,50.25,81,High
2025-07-01 02:45:00,16.98,20.54,58.78,104,High
2025-07-01 02:50:00,16.18,24.13,48.51,108,High
2025-07-01 02:55:00,18.02,25.79,62.33,108,High
2025-07-01 03:00:00,16.13,29.21,64.9,106,High
2025-07-01 03:05:00,17.37,28.14,41.25,92,High
2025-07-01 03:10:00,15.24,28.32,58.92,98,High
2025-07-01 03:15:00,17.07,29.31,42.59,92,High
2025-07-01 03:20:00,15.83,23.58,53.38,102,High
2025-07-01 03:25:00,17.02,32.63,44.22,88,High
2025-07-01 03:30:00,16.08,26.68,53.07,108,High
2025-07-01 03:35:00,17.87,33.69,65.01,98,High
2025-07-01 03:40:00,16.32,32.61,53.75,105,High
2025-07-01 03:45:00,16.21,22.32,55.95,95,High
2025-07-01 03:50:00,17.01,24.03,67.91,90,High
2025-07-01 03:55:00,17.51,34.12,43.9,92,High
2025-07-01 04:00:00,16.36,27.1,61.48,98,High
2025-07-01 04:05:00,16.63,25.35,51.5,110,High
2025-07-01 04:10:00,16.47,26.88,64.34,82,High
2025-07-01 04:15:00,17.1,26.08,52.55,101,High
2025-07-01 04:20:00,15.86,20.81,61.47,120,High
2025-07-01 04:25:00,16.57,23.13,67.7,112,High
2025-07-01 04:30:00,16.73,32.1,57.35,107,High
2025-07-01 04:35:00,16.22,20.55,66.61,92,High
2025-07-01 04:40:00,17.39,23.42,42.68,98,High
2025-07-01 04:45:00,16.8,29.93,67.87,100,High
2025-07-01 04:50:00,16.56,21.97,46.4,95,High
2025-07-01 04:55:00,16.87,24.35,47.84,96,High
2025-07-01 05:00:00,16.93,30.83,58.52,106,High
2025-07-01 05:05:00,17.37,20.76,63.56,93,High
2025-07-01 05:10:00,16.53,21.42,57.79,94,High
2025-07-01 05:15:00,15.95,34.97,68.2,100,High
2025-07-01 05:20:00,16.7,27.65,49.25,108,High
2025-07-01 05:25:00,16.15,21.9,52.03,96,High
2025-07-01 05:30:00,15.36,30.5,59.1,98,High
2025-07-01 05:35:00,15.73,29.63,47.32,111,High
2025-07-01 05:40:00,17.08,25.22,64.33,108,High
2025-07-01 05:45:00,16.4,22.2,67.31,115,High
2025-07-01 05:50:00,16.2,23.16,52.32,98,High
2025-07-01 05:55:00,14.79,27.07,40.85,112,High
2025-07-01 06:00:00,16.29,26.73,44.34,113,High
2025-07-01 06:05:00,16.7,20.7,42.4,90,High
2025-07-01 06:10:00,15.89,29.41,41.15,113,High
2025-07-01 06:15:00,16.29,32.75,63.14,99,High
2025-07-01 06:20:00,16.13,33.73,51.91,106,High
2025-07-01 06:25:00,14.88,27.06,66.8,101,High
2025-07-01 06:30:00,16.6,28.19,55.17,116,High
2025-07-01 06:35:00,16.48,31.94,46.52,93,High
2025-07-01 06:40:00,17.01,30.41,41.24,104,High
2025-07-01 06:45:00,16.42,25.48,58.78,107,High
2025-07-01 06:50:00,16.35,30.39,62.69,104,High
2025-07-01 06:55:00,16.51,29.8,67.26,104,High
2025-07-01 07:00:00,15.87,21.54,46.24,83,High
2025-07-01 07:05:00,16.1,28.55,46.91,88,High
2025-07-01 07:10:00,14.05,26.25,45.42,116,High
2025-07-01 07:15:00,16.3,32.88,52.11,115,High
2025-07-01 07:20:00,15.56,24.21,51.08,90,High
2025-07-01 07:25:00,16.03,27.3,61.05,87,High
2025-07-01 07:30:00,16.67,22.1,48.73,80,High
2025-07-01 07:35:00,16.01,24.37,60.73,112,High
2025-07-01 07:40:00,15.19,34.03,68.32,99,High
2025-07-01 07:45:00,14.82,28.43,66.95,97,High
2025-07-01 07:50:00,15.1,25.18,67.0,102,High
2025-07-01 07:55:00,15.68,31.48,61.17,103,High
2025-07-01 08:00:00,13.63,26.06,43.79,91,High
2025-07-01 08:05:00,15.84,34.61,58.01,110,High
2025-07-01 08:10:00,14.34,26.16,57.2,95,High
2025-07-01 08:15:00,15.68,26.02,50.63,98,High
2025-07-01 08:20:00,15.26,25.47,54.7,96,High
2025-07-01 08:25:00,15.94,29.71,44.89,82,High
2025-07-01 08:30:00,14.39,27.13,42.57,114,High
2025-07-01 08:35:00,15.41,34.75,40.06,91,High
2025-07-01 08:40:00,14.98,21.78,69.66,89,High
2025-07-01 08:45:00,14.89,28.66,64.69,89,High
2025-07-01 08:50:00,13.97,28.8,50.96,104,High
2025-07-01 08:55:00,14.01,20.02,68.69,115,High
2025-07-01 09:00:00,15.65,29.13,60.31,95,High
2025-07-01 09:05:00,14.61,32.82,51.02,96,High
2025-07-01 09:10:00,14.6,24.38,54.56,98,High
2025-07-01 09:15:00,15.07,22.47,68.73,95,High
2025-07-01 09:20:00,14.14,23.79,59.05,123,High
2025-07-01 09:25:00,14.27,24.29,69.13,105,High
2025-07-01 09:30:00,13.84,26.91,51.99,99,High
2025-07-01 09:35:00,14.32,25.22,53.55,94,High
2025-07-01 09:40:00,13.54,25.05,67.94,98,High
2025-07-01 09:45:00,13.3,26.1,58.95,110,High
2025-07-01 09:50:00,14.25,24.82,44.5,99,High
2025-07-01 09:55:00,13.46,23.83,43.9,96,High
2025-07-01 10:00:00,13.59,24.1,52.4,102,High
2025-07-01 10:05:00,13.38,32.25,49.65,100,High
2025-07-01 10:10:00,13.5,22.26,46.44,98,High
2025-07-01 10:15:00,13.64,30.5,44.68,98,High
2025-07-01 10:20:00,14.23,33.07,54.26,104,High
2025-07-01 10:25:00,14.5,31.79,44.6,99,High
2025-07-01 10:30:00,12.67,26.61,64.16,113,High
2025-07-01 10:35:00,12.91,24.22,67.54,105,High
2025-07-01 10:40:00,13.35,25.69,50.62,104,High
2025-07-01 10:45:00,14.03,20.81,44.53,99,High
2025-07-01 10:50:00,12.99,23.88,42.19,93,High
2025-07-01 10:55:00,13.14,33.85,63.61,102,High
2025-07-01 11:00:00,13.92,22.0,63.02,97,High
2025-07-01 11:05:00,13.01,29.26,57.38,103,High
2025-07-01 11:10:00,13.04,28.62,44.49,121,High
2025-07-01 11:15:00,12.72,32.67,45.65,83,High
2025-07-01 11:20:00,12.66,30.74,62.42,102,High
2025-07-01 11:25:00,12.71,33.37,45.73,99,High
2025-07-01 11:30:00,13.47,25.72,56.38,99,High
2025-07-01 11:35:00,13.49,30.85,43.01,95,High
2025-07-01 11:40:00,13.37,27.83,64.69,103,High
2025-07-01 11:45:00,12.58,25.46,42.86,131,High
2025-07-01 11:50:00,12.38,30.3,47.7,83,High
2025-07-01 11:55:00,11.29,22.44,56.49,99,High
2025-07-01 12:00:00,12.65,29.61,51.45,92,High
2025-07-01 12:05:00,14.23,26.0,49.13,101,High
2025-07-01 12:10:00,11.32,20.64,65.65,116,High
2025-07-01 12:15:00,11.64,32.95,68.78,98,High
2025-07-01 12:20:00,12.53,29.28,44.2,105,High
2025-07-01 12:25:00,13.23,28.67,60.87,112,High
2025-07-01 12:30:00,11.9,20.14,46.84,102,High
2025-07-01 12:35:00,11.73,27.69,60.1,100,High
2025-07-01 12:40:00,10.8,24.64,44.33,94,High
2025-07-01 12:45:00,11.0,25.45,66.07,107,High
2025-07-01 12:50:00,11.77,21.53,66.96,86,High
2025-07-01 12:55:00,11.78,34.52,64.49,94,High
2025-07-01 13:00:00,10.58,25.56,54.78,78,High
2025-07-01 13:05:00,12.35,32.85,59.42,95,High
2025-07-01 13:10:00,12.49,25.95,62.6,93,High
2025-07-01 13:15:00,11.61,28.23,53.79,109,High
2025-07-01 13:20:00,10.08,27.53,51.45,100,High
2025-07-01 13:25:00,12.72,20.62,46.64,89,High
2025-07-01 13:30:00,10.68,23.24,44.79,93,High
2025-07-01 13:35:00,11.17,24.51,40.9,99,High
2025-07-01 13:40:00,11.21,27.62,50.01,93,High
2025-07-01 13:45:00,11.63,22.17,59.49,95,High
2025-07-01 13:50:00,12.22,21.62,40.11,90,High
2025-07-01 13:55:00,11.87,24.21,40.95,114,High
2025-07-01 14:00:00,11.35,30.73,40.36,96,High
2025-07-01 14:05:00,11.87,30.11,55.23,103,High
2025-07-01 14:10:00,11.67,29.33,63.58,66,High
2025-07-01 14:15:00,11.38,26.73,47.4,96,High
2025-07-01 14:20:00,10.11,22.62,40.08,101,High
2025-07-01 14:25:00,10.6,30.61,40.5,98,High
2025-07-01 14:30:00,11.64,25.04,62.37,96,High
2025-07-01 14:35:00,10.81,20.78,69.27,110,High
2025-07-01 14:40:00,10.75,20.18,63.81,105,High
2025-07-01 14:45:00,11.06,34.68,63.6,90,High
2025-07-01 14:50:00,11.18,32.56,65.4,104,High
2025-07-01 14:55:00,10.34,21.5,47.67,93,High
2025-07-01 15:00:00,11.68,25.42,49.13,100,High
2025-07-01 15:05:00,12.43,33.46,49.71,99,High
2025-07-01 15:10:00,10.46,32.52,48.24,95,High
2025-07-01 15:15:00,10.82,26.52,41.45,108,High
2025-07-01 15:20:00,11.64,34.45,52.02,104,High
2025-07-01 15:25:00,10.71,29.71,59.76,101,High
2025-07-01 15:30:00,11.61,28.02,40.63,80,High
2025-07-01 15:35:00,9.85,28.21,65.75,103,Normal
2025-07-01 15:40:00,11.25,27.51,52.7,117,High
2025-07-01 15:45:00,11.13,33.45,40.31,95,High
2025-07-01 15:50:00,10.69,24.06,64.99,93,High
2025-07-01 15:55:00,10.53,23.8,40.77,95,High
2025-07-01 16:00:00,10.89,26.25,45.51,100,High
2025-07-01 16:05:00,10.83,26.98,58.29,103,High
2025-07-01 16:10:00,11.78,34.37,67.94,101,High
2025-07-01 16:15:00,11.09,23.77,56.76,116,High
2025-07-01 16:20:00,9.98,34.06,54.11,96,Normal
2025-07-01 16:25:00,11.27,20.84,50.01,87,High
2025-07-01 16:30:00,11.31,33.23,53.79,93,High
2025-07-01 16:35:00,10.53,26.73,46.61,86,High
2025-07-01 16:40:00,11.3,21.34,50.75,109,High
2025-07-01 16:45:00,11.78,22.36,47.68,89,High
2025-07-01 16:50:00,11.84,23.07,66.35,94,High
2025-07-01 16:55:00,12.02,20.58,61.26,104,High
2025-07-01 17:00:00,12.13,29.32,42.83,94,High
2025-07-01 17:05:00,11.27,26.46,43.89,122,High
2025-07-01 17:10:00,11.53,31.94,66.54,104,High
2025-07-01 17:15:00,12.72,34.18,66.27,90,High
2025-07-01 17:20:00,11.94,31.03,64.76,104,High
2025-07-01 17:25:00,12.54,27.25,50.88,88,High
2025-07-01 17:30:00,13.36,21.34,45.36,96,High
2025-07-01 17:35:00,12.65,23.18,48.21,96,High
2025-07-01 17:40:00,11.03,34.62,60.21,112,High
2025-07-01 17:45:00,12.46,23.6,58.89,89,High
2025-07-01 17:50:00,13.41,25.0,54.66,109,High
2025-07-01 17:55:00,11.85,26.78,65.01,93,High
2025-07-01 18:00:00,11.68,24.04,58.33,97,High
2025-07-01 18:05:00,12.34,29.11,66.09,110,High
2025-07-01 18:10:00,11.86,25.17,61.94,93,High
2025-07-01 18:15:00,12.65,20.57,65.97,91,High
2025-07-01 18:20:00,11.07,28.48,60.94,113,High
2025-07-01 18:25:00,13.29,22.2,43.22,97,High
2025-07-01 18:30:00,13.1,30.29,51.66,89,High
2025-07-01 18:35:00,10.98,33.46,53.63,98,High
2025-07-01 18:40:00,12.3,33.69,56.48,112,High
2025-07-01 18:45:00,12.79,20.46,52.07,96,High
2025-07-01 18:50:00,13.44,27.42,45.86,100,High
2025-07-01 18:55:00,13.82,34.7,51.34,104,High
2025-07-01 19:00:00,13.55,29.9,40.27,99,High
2025-07-01 19:05:00,12.76,23.99,66.58,103,High
2025-07-01 19:10:00,12.64,25.35,46.77,94,High
2025-07-01 19:15:00,13.72,21.68,52.76,105,High
2025-07-01 19:20:00,13.2,31.87,60.7,99,High
2025-07-01 19:25:00,11.87,20.36,69.35,101,High
2025-07-01 19:30:00,14.02,22.77,66.93,93,High
2025-07-01 19:35:00,13.96,33.77,65.29,98,High
2025-07-01 19:40:00,13.59,28.04,57.18,97,High
2025-07-01 19:45:00,14.74,34.89,63.94,95,High
2025-07-01 19:50:00,13.62,27.52,62.01,83,High
2025-07-01 19:55:00,13.77,21.75,48.13,107,High
2025-07-01 00:00:00,11.94,24.61,58.31,106,High
2025-07-01 00:05:00,11.91,28.26,60.78,88,High
2025-07-01 00:10:00,11.31,31.11,58.63,93,High
2025-07-01 00:15:00,10.46,30.64,50.95,105,High
2025-07-01 00:20:00,10.73,25.88,51.74,110,High
2025-07-01 00:25:00,12.27,26.92,68.89,97,High
2025-07-01 00:30:00,11.73,32.21,45.28,96,High
2025-07-01 00:35:00,11.2,24.49,42.35,88,High
2025-07-01 00:40:00,12.13,25.3,58.31,130,High
2025-07-01 00:45:00,12.47,24.48,45.42,109,High
2025-07-01 00:50:00,11.98,34.35,52.93,102,High
2025-07-01 00:55:00,11.56,29.72,44.5,77,High
2025-07-01 01:00:00,12.59,24.5,43.44,86,High
2025-07-01 01:05:00,12.06,34.04,56.62,91,High
2025-07-01 01:10:00,11.9,34.06,52.72,118,High
2025-07-01 01:15:00,11.91,26.49,69.93,89,High
2025-07-01 01:20:00,12.79,22.32,40.54,113,High
2025-07-01 01:25:00,12.07,34.94,46.05,117,High
2025-07-01 01:30:00,11.89,28.99,41.12,105,High
2025-07-01 01:35:00,12.61,20.38,62.95,97,High
2025-07-01 01:40:00,12.12,23.72,44.23,98,High
2025-07-01 01:45:00,12.67,32.0,42.23,96,High
2025-07-01 01:50:00,11.49,27.9,45.62,78,High
2025-07-01 01:55:00,11.37,27.54,41.53,84,High
2025-07-01 02:00:00,13.32,27.56,45.35,99,High
2025-07-01 02:05:00,12.38,33.32,51.3,89,High
2025-07-01 02:10:00,11.9,20.4,44.31,110,High
2025-07-01 02:15:00,12.33,34.31,67.33,81,High
2025-07-01 02:20:00,13.83,22.73,54.6,93,High
2025-07-01 02:25:00,12.37,20.23,51.42,74,High
2025-07-01 02:30:00,12.84,27.35,56.75,100,High
2025-07-01 02:35:00,12.95,29.7,67.27,124,High
2025-07-01 02:40:00,12.75,25.3,64.01,103,High
2025-07-01 02:45:00,11.9,21.72,45.79,114,High
2025-07-01 02:50:00,12.76,34.64,48.64,99,High
2025-07-01 02:55:00,13.82,29.21,41.83,115,High
2025-07-01 03:00:00,14.11,27.38,57.74,121,High
2025-07-01 03:05:00,12.94,31.64,66.53,104,High
2025-07-01 03:10:00,13.32,27.61,60.56,99,High
2025-07-01 03:15:00,14.27,23.1,60.39,86,High
2025-07-01 03:20:00,13.25,28.33,56.58,90,High
2025-07-01 03:25:00,12.51,25.83,62.81,97,High
2025-07-01 03:30:00,13.26,30.49,49.49,115,High
2025-07-01 03:35:00,13.57,31.64,44.58,114,High
2025-07-01 03:40:00,13.32,32.16,57.79,88,High
2025-07-01 03:45:00,13.25,21.55,47.68,107,High
2025-07-01 03:50:00,13.45,25.42,51.92,82,High
2025-07-01 03:55:00,13.07,25.66,59.34,95,High
2025-07-01 04:00:00,14.29,30.55,44.54,108,High
2025-07-01 04:05:00,12.86,34.82,48.16,117,High
2025-07-01 04:10:00,13.34,30.03,40.4,94,High
2025-07-01 04:15:00,12.8,30.33,47.19,107,High
2025-07-01 04:20:00,13.61,24.89,41.77,87,High
2025-07-01 04:25:00,13.2,20.98,69.86,118,High
2025-07-01 04:30:00,13.26,31.04,53.38,112,High
2025-07-01 04:35:00,12.71,25.01,48.86,101,High
2025-07-01 04:40:00,12.76,30.51,59.6,100,High
2025-07-01 04:45:00,14.38,29.76,47.17,103,High
2025-07-01 04:50:00,13.47,28.31,68.24,104,High
2025-07-01 04:55:00,13.94,31.31,57.94,92,High
2025-07-01 05:00:00,13.06,33.03,62.32,99,High
2025-07-01 05:05:00,14.73,23.06,58.61,100,High
2025-07-01 05:10:00,14.0,29.72,58.01,99,High
2025-07-01 05:15:00,13.44,31.95,69.5,111,High
2025-07-01 05:20:00,12.35,24.45,42.2,129,High
2025-07-01 05:25:00,12.76,21.79,66.92,96,High
2025-07-01 05:30:00,13.05,21.63,56.95,106,High
2025-07-01 05:35:00,13.53,32.9,57.17,116,High
2025-07-01 05:40:00,13.26,25.97,67.68,103,High
2025-07-01 05:45:00,12.63,29.74,43.49,91,High
2025-07-01 05:50:00,12.97,26.59,58.33,101,High
2025-07-01 05:55:00,13.25,27.74,46.64,103,High
2025-07-01 06:00:00,12.5,24.12,47.26,99,High
2025-07-01 06:05:00,12.67,27.73,65.02,99,High
2025-07-01 06:10:00,14.8,29.7,53.02,102,High
2025-07-01 06:15:00,13.27,20.75,61.39,85,High
2025-07-01 06:20:00,12.91,28.96,53.76,111,High
2025-07-01 06:25:00,13.39,34.63,48.12,108,High
2025-07-01 06:30:00,12.91,20.68,44.8,108,High
2025-07-01 06:35:00,13.76,28.58,42.38,103,High
2025-07-01 06:40:00,12.66,25.08,54.25,98,High
2025-07-01 06:45:00,13.1,29.17,67.05,107,High
2025-07-01 06:50:00,13.0,30.63,57.67,88,High
2025-07-01 06:55:00,13.92,27.75,42.56,112,High
2025-07-01 07:00:00,12.53,28.89,69.93,109,High
2025-07-01 07:05:00,13.21,22.89,55.62,121,High
2025-07-01 07:10:00,13.56,23.3,58.14,96,High
2025-07-01 07:15:00,12.88,22.13,46.82,102,High
2025-07-01 07:20:00,13.08,29.99,54.9,101,High
2025-07-01 07:25:00,12.54,23.35,68.56,96,High
2025-07-01 07:30:00,12.9,29.55,61.64,80,High
2025-07-01 07:35:00,14.77,20.06,42.73,88,High
2025-07-01 07:40:00,13.04,28.61,65.39,103,High
2025-07-01 07:45:00,12.23,25.44,59.28,116,High
2025-07-01 07:50:00,12.59,34.62,61.35,98,High
2025-07-01 07:55:00,11.93,30.22,48.72,107,High
2025-07-01 08:00:00,13.72,26.48,69.72,119,High
2025-07-01 08:05:00,12.34,33.11,58.15,91,High
2025-07-01 08:10:00,13.38,25.65,43.19,78,High
2025-07-01 08:15:00,12.39,31.38,53.24,95,High
2025-07-01 08:20:00,12.28,23.85,66.12,107,High
2025-07-01 08:25:00,12.11,20.94,43.31,93,High
2025-07-01 08:30:00,11.11,27.3,60.57,110,High
2025-07-01 08:35:00,12.38,24.49,44.3,95,High
2025-07-01 08:40:00,11.48,31.93,55.38,99,High
2025-07-01 08:45:00,11.41,29.4,45.3,98,High
2025-07-01 08:50:00,11.38,20.79,47.9,101,High
2025-07-01 08:55:00,12.43,30.08,56.37,88,High
2025-07-01 09:00:00,12.58,23.95,40.9,96,High
2025-07-01 09:05:00,12.43,25.29,63.65,94,High
2025-07-01 09:10:00,11.82,32.96,53.88,114,High
2025-07-01 09:15:00,11.16,21.09,59.3,102,High
2025-07-01 09:20:00,11.26,26.02,48.23,107,High
2025-07-01 09:25:00,11.53,25.87,62.36,95,High
2025-07-01 09:30:00,12.7,23.77,68.08,94,High
2025-07-01 09:35:00,11.14,23.01,63.1,110,High
2025-07-01 09:40:00,11.18,26.63,42.14,124,High
2025-07-01 09:45:00,10.86,31.17,61.18,101,High
2025-07-01 09:50:00,11.52,28.92,42.19,82,High
2025-07-01 09:55:00,11.25,20.39,51.12,120,High
2025-07-01 10:00:00,10.08,24.36,41.08,93,High
2025-07-01 10:05:00,11.23,21.16,60.4,94,High
2025-07-01 10:10:00,11.1,31.59,64.92,104,High
2025-07-01 10:15:00,11.64,34.38,52.42,102,High
2025-07-01 10:20:00,11.39,30.84,47.85,97,High
2025-07-01 10:25:00,10.67,27.7,47.02,100,High
2025-07-01 10:30:00,11.37,33.02,64.38,113,High
2025-07-01 10:35:00,10.53,31.32,53.89,100,High
2025-07-01 10:40:00,10.2,23.68,69.8,101,High
2025-07-01 10:45:00,11.44,27.12,65.56,85,High
2025-07-01 10:50:00,10.51,22.24,45.65,110,High
2025-07-01 10:55:00,9.98,22.64,69.85,105,Normal
2025-07-01 11:00:00,11.94,29.65,62.96,99,High
2025-07-01 11:05:00,10.54,32.23,46.24,100,High
2025-07-01 11:10:00,10.22,31.56,40.38,91,High
2025-07-01 11:15:00,10.24,30.19,40.62,104,High
2025-07-01 11:20:00,10.28,24.99,50.2,105,High
2025-07-01 11:25:00,10.3,25.46,48.15,102,High
2025-07-01 11:30:00,10.7,26.23,52.71,110,High
2025-07-01 11:35:00,9.5,33.92,68.45,95,Normal
2025-07-01 11:40:00,10.11,21.24,41.37,108,High
2025-07-01 11:45:00,10.53,22.39,60.33,111,High
2025-07-01 11:50:00,8.86,24.15,59.84,96,Normal
2025-07-01 11:55:00,10.54,28.3,46.0,99,High
2025-07-01 12:00:00,10.0,27.18,59.33,107,High
2025-07-01 12:05:00,9.72,22.44,41.87,82,Normal
2025-07-01 12:10:00,9.28,29.26,53.55,105,Normal
2025-07-01 12:15:00,9.8,28.79,45.8,85,Normal
2025-07-01 12:20:00,9.6,20.78,45.85,101,Normal
2025-07-01 12:25:00,9.88,20.69,47.25,83,Normal
2025-07-01 12:30:00,9.54,22.46,44.63,92,Normal
2025-07-01 12:35:00,10.03,25.49,40.38,107,High
2025-07-01 12:40:00,10.0,20.72,60.91,102,High
2025-07-01 12:45:00,9.47,24.31,66.74,74,Normal
2025-07-01 12:50:00,9.11,27.08,43.01,102,Normal
2025-07-01 12:55:00,8.34,20.5,69.84,100,Normal
2025-07-01 13:00:00,9.77,29.0,58.86,99,Normal
2025-07-01 13:05:00,8.83,24.64,44.54,98,Normal
2025-07-01 13:10:00,9.0,31.93,53.02,103,Normal
2025-07-01 13:15:00,9.94,32.88,46.28,113,Normal
2025-07-01 13:20:00,9.81,34.25,63.63,114,Normal
2025-07-01 13:25:00,9.58,25.72,41.73,92,Normal
2025-07-01 13:30:00,9.33,31.64,51.68,97,Normal
2025-07-01 13:35:00,8.95,24.5,43.81,97,Normal
2025-07-01 13:40:00,9.25,21.36,60.27,103,Normal
2025-07-01 13:45:00,9.21,28.13,67.77,114,Normal
2025-07-01 13:50:00,9.19,21.93,42.28,99,Normal
2025-07-01 13:55:00,10.16,21.28,43.51,107,High
2025-07-01 14:00:00,8.73,33.36,49.6,87,Normal
2025-07-01 14:05:00,10.17,32.34,59.2,105,High
2025-07-01 14:10:00,8.69,30.02,64.67,103,Normal
2025-07-01 14:15:00,8.95,24.65,67.72,89,Normal
2025-07-01 14:20:00,8.43,28.82,67.22,108,Normal
2025-07-01 14:25:00,9.22,21.47,44.45,85,Normal
2025-07-01 14:30:00,9.21,21.78,63.45,84,Normal
2025-07-01 14:35:00,9.47,28.06,57.31,103,Normal
2025-07-01 14:40:00,8.44,22.83,56.91,113,Normal
2025-07-01 14:45:00,8.46,30.19,43.02,115,Normal
2025-07-01 14:50:00,8.41,27.74,55.18,100,Normal
2025-07-01 14:55:00,8.88,21.91,53.23,98,Normal
2025-07-01 15:00:00,9.71,34.87,52.65,105,Normal
2025-07-01 15:05:00,9.64,28.16,41.46,104,Normal
2025-07-01 15:10:00,8.84,23.51,68.39,96,Normal
2025-07-01 15:15:00,9.12,34.32,47.52,102,Normal
2025-07-01 15:20:00,9.75,21.28,45.29,92,Normal
2025-07-01 15:25:00,8.46,31.78,49.41,123,Normal
2025-07-01 15:30:00,8.9,23.94,47.01,99,Normal
2025-07-01 15:35:00,7.97,30.72,57.05,95,Normal
2025-07-01 15:40:00,8.97,24.47,58.63,118,Normal
2025-07-01 15:45:00,9.02,27.05,48.39,98,Normal
2025-07-01 15:50:00,9.21,21.2,47.16,91,Normal
2025-07-01 15:55:00,8.86,24.88,63.17,103,Normal
2025-07-01 16:00:00,9.15,22.5,58.52,109,Normal
2025-07-01 16:05:00,9.2,33.34,64.65,90,Normal
2025-07-01 16:10:00,8.9,34.47,43.37,85,Normal
2025-07-01 16:15:00,9.94,34.51,41.9,108,Normal
2025-07-01 16:20:00,9.85,20.86,57.88,97,Normal
2025-07-01 16:25:00,9.85,30.9,40.93,103,Normal
2025-07-01 16:30:00,8.85,23.84,68.49,107,Normal
2025-07-01 16:35:00,8.23,20.36,49.64,124,Normal
2025-07-01 16:40:00,8.69,34.57,47.74,101,Normal
2025-07-01 16:45:00,9.05,20.98,42.62,119,Normal
2025-07-01 16:50:00,10.3,28.53,61.8,78,High
2025-07-01 16:55:00,9.26,22.42,69.78,95,Normal
2025-07-01 17:00:00,8.0,23.84,41.78,104,Normal
2025-07-01 17:05:00,9.63,28.16,62.57,94,Normal
2025-07-01 17:10:00,9.87,27.72,52.68,89,Normal
2025-07-01 17:15:00,8.42,24.67,43.31,107,Normal
2025-07-01 17:20:00,8.92,31.22,57.39,86,Normal
2025-07-01 17:25:00,8.94,32.26,52.9,101,Normal
2025-07-01 17:30:00,9.36,34.8,53.86,109,Normal
2025-07-01 17:35:00,9.62,33.34,66.69,93,Normal
2025-07-01 17:40:00,9.17,20.34,60.26,97,Normal
2025-07-01 17:45:00,10.01,29.33,61.41,109,High
2025-07-01 17:50:00,9.71,23.97,47.56,96,Normal
2025-07-01 17:55:00,9.51,23.41,65.0,108,Normal
2025-07-01 18:00:00,10.34,29.5,65.41,96,High
2025-07-01 18:05:00,9.85,24.65,65.49,97,Normal
2025-07-01 18:10:00,8.86,21.96,62.35,110,Normal
2025-07-01 18:15:00,9.42,22.49,59.58,108,Normal
2025-07-01 18:20:00,10.2,26.89,45.2,88,High
2025-07-01 18:25:00,9.9,30.88,59.6,109,Normal
2025-07-01 18:30:00,9.61,20.63,69.61,104,Normal
2025-07-01 18:35:00,10.67,26.86,42.65,133,High
2025-07-01 18:40:00,10.37,31.89,59.89,100,High
2025-07-01 18:45:00,9.88,32.07,51.72,114,Normal
2025-07-01 18:50:00,11.14,24.71,55.66,96,High
2025-07-01 18:55:00,10.37,31.28,54.14,89,High
2025-07-01 19:00:00,11.35,27.19,46.62,100,High
2025-07-01 19:05:00,9.8,33.02,51.88,110,Normal
2025-07-01 19:10:00,10.72,34.83,67.7,100,High
2025-07-01 19:15:00,11.67,22.63,60.67,100,High
2025-07-01 19:20:00,10.28,22.57,59.98,101,High
2025-07-01 19:25:00,10.59,28.68,59.19,91,High
2025-07-01 19:30:00,10.84,30.37,44.9,90,High
2025-07-01 19:35:00,10.64,21.43,48.44,118,High
2025-07-01 19:40:00,10.51,22.24,44.61,109,High
2025-07-01 19:45:00,11.69,30.77,62.66,100,High
2025-07-01 19:50:00,11.4,23.97,59.69,111,High
2025-07-01 19:55:00,11.23,20.82,61.94,103,High
