Timestamp,Energy_Consumption,Production_Output,Machine_Status
2025-07-07 00:00:00,7.55,0,Idle
2025-07-07 01:00:00,10.64,88,High
2025-07-07 02:00:00,10.92,84,High
2025-07-07 03:00:00,8.7,0,Idle
2025-07-07 04:00:00,10.07,104,High
2025-07-07 05:00:00,11.02,106,High
2025-07-07 06:00:00,8.26,0,Idle
2025-07-07 07:00:00,8.0,0,Idle
2025-07-07 08:00:00,10.62,110,High
2025-07-07 09:00:00,11.13,110,High
2025-07-07 10:00:00,11.25,93,High
2025-07-07 11:00:00,10.93,88,High
2025-07-07 12:00:00,10.85,96,High
2025-07-07 13:00:00,12.12,81,High
2025-07-07 14:00:00,11.43,95,High
2025-07-07 15:00:00,10.44,103,High
2025-07-07 16:00:00,7.11,0,Idle
2025-07-07 17:00:00,10.85,98,High
2025-07-07 18:00:00,8.08,0,Maintenance
2025-07-07 19:00:00,7.11,0,Idle
2025-07-07 20:00:00,7.18,0,Maintenance
2025-07-07 21:00:00,8.17,0,Maintenance
2025-07-07 22:00:00,11.67,101,High
2025-07-07 23:00:00,12.4,89,High
2025-07-08 00:00:00,8.88,0,Maintenance
2025-07-08 01:00:00,11.02,114,High
2025-07-08 02:00:00,11.93,96,High
2025-07-08 03:00:00,7.27,0,Maintenance
2025-07-08 04:00:00,12.16,88,High
2025-07-08 05:00:00,11.38,100,High
2025-07-08 06:00:00,11.66,97,High
2025-07-08 07:00:00,6.92,0,Idle
2025-07-08 08:00:00,11.91,105,High
2025-07-08 09:00:00,8.53,0,Idle
2025-07-08 10:00:00,11.03,96,High
2025-07-08 11:00:00,8.0,0,Idle
2025-07-08 12:00:00,8.22,0,Idle
2025-07-08 13:00:00,6.84,0,Idle
2025-07-08 14:00:00,7.98,0,Maintenance
2025-07-08 15:00:00,12.32,100,High
2025-07-08 16:00:00,12.66,101,High
2025-07-08 17:00:00,11.73,116,High
2025-07-08 18:00:00,12.34,95,High
2025-07-08 19:00:00,12.14,90,High
2025-07-08 20:00:00,8.74,0,Idle
2025-07-08 21:00:00,11.91,101,High
2025-07-08 22:00:00,8.46,0,Idle
2025-07-08 23:00:00,11.94,110,High
2025-07-09 00:00:00,12.08,82,High
2025-07-09 01:00:00,11.58,104,High
2025-07-09 02:00:00,11.79,114,High
2025-07-09 03:00:00,7.22,0,Idle
2025-07-09 04:00:00,8.67,0,Maintenance
2025-07-09 05:00:00,8.41,0,Maintenance
2025-07-09 06:00:00,8.32,0,Maintenance
2025-07-09 07:00:00,11.15,87,High
2025-07-09 08:00:00,12.52,90,High
2025-07-09 09:00:00,7.16,0,Idle
2025-07-09 10:00:00,12.44,101,High
2025-07-09 11:00:00,12.32,97,High
2025-07-09 12:00:00,11.72,97,High
2025-07-09 13:00:00,12.54,97,High
2025-07-09 14:00:00,11.45,95,High
2025-07-09 15:00:00,7.17,0,Idle
2025-07-09 16:00:00,12.02,109,High
2025-07-09 17:00:00,7.41,0,Idle
2025-07-09 18:00:00,12.69,96,High
2025-07-09 19:00:00,12.53,87,High
2025-07-09 20:00:00,8.33,0,Maintenance
2025-07-09 21:00:00,7.85,0,Idle
2025-07-09 22:00:00,7.66,0,Idle
2025-07-09 23:00:00,7.68,0,Maintenance
2025-07-10 00:00:00,7.56,0,Maintenance
2025-07-10 01:00:00,8.54,0,Maintenance
2025-07-10 02:00:00,7.38,0,Idle
2025-07-10 03:00:00,10.83,112,High
2025-07-10 04:00:00,11.6,95,High
2025-07-10 05:00:00,8.54,0,Maintenance
2025-07-10 06:00:00,13.17,89,High
2025-07-10 07:00:00,12.82,110,High
2025-07-10 08:00:00,11.07,92,High
2025-07-10 09:00:00,8.02,0,Idle
2025-07-10 10:00:00,8.65,0,Maintenance
2025-07-10 11:00:00,11.84,116,High
2025-07-10 12:00:00,8.74,0,Maintenance
2025-07-10 13:00:00,12.25,72,High
2025-07-10 14:00:00,12.06,95,High
2025-07-10 15:00:00,7.08,0,Idle
2025-07-10 16:00:00,12.01,89,High
2025-07-10 17:00:00,7.97,0,Maintenance
2025-07-10 18:00:00,11.19,107,High
2025-07-10 19:00:00,7.95,0,Maintenance
2025-07-10 20:00:00,10.68,107,High
2025-07-10 21:00:00,11.34,110,High
2025-07-10 22:00:00,8.52,0,Maintenance
2025-07-10 23:00:00,7.38,0,Idle
2025-07-11 00:00:00,7.53,0,Idle
2025-07-11 01:00:00,12.01,107,High
2025-07-11 02:00:00,8.23,0,Maintenance
2025-07-11 03:00:00,11.84,107,High
2025-07-11 04:00:00,11.5,96,High
2025-07-11 05:00:00,11.18,108,High
2025-07-11 06:00:00,10.95,104,High
2025-07-11 07:00:00,8.33,0,Maintenance
2025-07-11 08:00:00,7.71,0,Idle
2025-07-11 09:00:00,11.69,91,High
2025-07-11 10:00:00,11.32,114,High
2025-07-11 11:00:00,10.77,106,High
2025-07-11 12:00:00,8.37,0,Idle
2025-07-11 13:00:00,10.59,101,High
2025-07-11 14:00:00,10.44,102,High
2025-07-11 15:00:00,8.51,0,Maintenance
2025-07-11 16:00:00,10.84,85,High
2025-07-11 17:00:00,7.2,0,Idle
2025-07-11 18:00:00,10.62,102,High
2025-07-11 19:00:00,11.1,96,High
2025-07-11 20:00:00,10.89,110,High
2025-07-11 21:00:00,8.69,0,Maintenance
2025-07-11 22:00:00,7.83,0,Idle
2025-07-11 23:00:00,7.64,0,Maintenance
2025-07-12 00:00:00,7.98,0,Idle
2025-07-12 01:00:00,6.89,0,Idle
2025-07-12 02:00:00,10.85,103,High
2025-07-12 03:00:00,11.01,115,High
2025-07-12 04:00:00,10.01,93,High
2025-07-12 05:00:00,7.71,0,Maintenance
2025-07-12 06:00:00,10.42,118,High
2025-07-12 07:00:00,7.18,0,Maintenance
2025-07-12 08:00:00,8.1,0,Maintenance
2025-07-12 09:00:00,8.02,0,Idle
2025-07-12 10:00:00,7.07,0,Maintenance
2025-07-12 11:00:00,10.59,104,High
2025-07-12 12:00:00,9.62,92,Normal
2025-07-12 13:00:00,9.9,105,Normal
2025-07-12 14:00:00,7.14,0,Idle
2025-07-12 15:00:00,9.88,99,Normal
2025-07-12 16:00:00,8.91,0,Maintenance
2025-07-12 17:00:00,7.88,0,Maintenance
2025-07-12 18:00:00,9.36,106,Normal
2025-07-12 19:00:00,8.82,96,Normal
2025-07-12 20:00:00,9.45,118,Normal
2025-07-12 21:00:00,9.31,89,Normal
2025-07-12 22:00:00,8.03,0,Maintenance
2025-07-12 23:00:00,6.93,0,Idle
2025-07-13 00:00:00,9.04,101,Normal
2025-07-13 01:00:00,8.75,115,Normal
2025-07-13 02:00:00,8.64,0,Maintenance
2025-07-13 03:00:00,10.28,101,High
2025-07-13 04:00:00,9.56,96,Normal
2025-07-13 05:00:00,8.7,0,Idle
2025-07-13 06:00:00,8.34,0,Maintenance
2025-07-13 07:00:00,8.92,101,Normal
2025-07-13 08:00:00,7.54,0,Maintenance
2025-07-13 09:00:00,8.25,0,Idle
2025-07-13 10:00:00,8.54,0,Maintenance
2025-07-13 11:00:00,8.43,98,Normal
2025-07-13 12:00:00,8.48,0,Maintenance
2025-07-13 13:00:00,9.83,116,Normal
2025-07-13 14:00:00,9.25,111,Normal
2025-07-13 15:00:00,8.75,0,Maintenance
2025-07-13 16:00:00,8.33,0,Maintenance
2025-07-13 17:00:00,8.93,0,Maintenance
2025-07-13 18:00:00,8.69,106,Normal
2025-07-13 19:00:00,8.57,0,Maintenance
2025-07-13 20:00:00,8.17,96,Normal
2025-07-13 21:00:00,8.59,117,Normal
2025-07-13 22:00:00,8.73,0,Idle
2025-07-13 23:00:00,9.1,121,Normal
2025-07-14 00:00:00,8.35,0,Idle
2025-07-14 01:00:00,7.43,106,Normal
2025-07-14 02:00:00,8.53,0,Maintenance
2025-07-14 03:00:00,7.98,0,Idle
2025-07-14 04:00:00,9.04,80,Normal
2025-07-14 05:00:00,8.08,96,Normal
2025-07-14 06:00:00,7.93,99,Normal
2025-07-14 07:00:00,8.86,0,Maintenance
2025-07-14 08:00:00,8.44,0,Idle
2025-07-14 09:00:00,7.68,112,Normal
2025-07-14 10:00:00,8.73,99,Normal
2025-07-14 11:00:00,7.89,96,Normal
2025-07-14 12:00:00,7.5,102,Normal
2025-07-14 13:00:00,8.39,0,Idle
2025-07-14 14:00:00,8.42,0,Idle
2025-07-14 15:00:00,8.11,105,Normal
2025-07-14 16:00:00,8.22,95,Normal
2025-07-14 17:00:00,7.72,94,Normal
2025-07-14 18:00:00,7.53,99,Normal
2025-07-14 19:00:00,8.05,0,Idle
2025-07-14 20:00:00,7.41,0,Idle
2025-07-14 21:00:00,8.53,0,Maintenance
2025-07-14 22:00:00,8.87,100,Normal
2025-07-14 23:00:00,8.45,0,Idle
2025-07-15 00:00:00,8.09,107,Normal
2025-07-15 01:00:00,8.61,0,Maintenance
2025-07-15 02:00:00,8.82,0,Idle
2025-07-15 03:00:00,9.2,102,Normal
2025-07-15 04:00:00,7.68,0,Maintenance
2025-07-15 05:00:00,7.85,86,Normal
2025-07-15 06:00:00,7.68,113,Normal
2025-07-15 07:00:00,8.41,89,Normal
2025-07-15 08:00:00,9.58,100,Normal
2025-07-15 09:00:00,8.78,103,Normal
2025-07-15 10:00:00,8.32,0,Idle
2025-07-15 11:00:00,9.06,99,Normal
2025-07-15 12:00:00,8.64,109,Normal
2025-07-15 13:00:00,8.72,0,Maintenance
2025-07-15 14:00:00,9.05,101,Normal
2025-07-15 15:00:00,8.71,0,Maintenance
2025-07-15 16:00:00,9.55,102,Normal
2025-07-15 17:00:00,8.65,108,Normal
2025-07-15 18:00:00,8.12,0,Maintenance
2025-07-15 19:00:00,7.0,0,Idle
2025-07-15 20:00:00,8.4,0,Maintenance
2025-07-15 21:00:00,8.87,103,Normal
2025-07-15 22:00:00,8.72,0,Maintenance
2025-07-15 23:00:00,9.82,110,Normal
2025-07-16 00:00:00,10.28,90,High
2025-07-16 01:00:00,8.17,0,Idle
2025-07-16 02:00:00,9.42,92,Normal
2025-07-16 03:00:00,9.56,103,Normal
2025-07-16 04:00:00,8.5,113,Normal
2025-07-16 05:00:00,9.27,112,Normal
2025-07-16 06:00:00,9.46,99,Normal
2025-07-16 07:00:00,7.68,0,Idle
2025-07-16 08:00:00,7.04,0,Idle
2025-07-16 09:00:00,7.06,0,Maintenance
2025-07-16 10:00:00,7.07,0,Maintenance
2025-07-16 11:00:00,9.84,105,Normal
2025-07-16 12:00:00,9.49,94,Normal
2025-07-16 13:00:00,8.71,92,Normal
2025-07-16 14:00:00,7.79,0,Idle
2025-07-16 15:00:00,6.87,0,Idle
2025-07-16 16:00:00,8.62,0,Idle
2025-07-16 17:00:00,10.31,89,High
2025-07-16 18:00:00,8.56,0,Maintenance
2025-07-16 19:00:00,7.68,0,Maintenance
2025-07-16 20:00:00,7.24,0,Maintenance
2025-07-16 21:00:00,9.79,105,Normal
2025-07-16 22:00:00,10.8,113,High
2025-07-16 23:00:00,7.32,0,Idle
2025-07-07 00:00:00,8.13,0,Idle
2025-07-07 01:00:00,15.22,83,High
2025-07-07 02:00:00,7.99,0,Maintenance
2025-07-07 03:00:00,14.89,118,High
2025-07-07 04:00:00,16.04,97,High
2025-07-07 05:00:00,8.46,0,Maintenance
2025-07-07 06:00:00,7.42,0,Idle
2025-07-07 07:00:00,7.41,0,Maintenance
2025-07-07 08:00:00,8.18,0,Maintenance
2025-07-07 09:00:00,7.84,0,Idle
2025-07-07 10:00:00,14.67,115,High
2025-07-07 11:00:00,7.16,0,Maintenance
2025-07-07 12:00:00,7.1,0,Maintenance
2025-07-07 13:00:00,7.89,0,Idle
2025-07-07 14:00:00,16.53,112,High
2025-07-07 15:00:00,8.01,0,Maintenance
2025-07-07 16:00:00,8.03,0,Maintenance
2025-07-07 17:00:00,8.21,0,Maintenance
2025-07-07 18:00:00,15.9,81,High
2025-07-07 19:00:00,15.74,79,High
2025-07-07 20:00:00,7.17,0,Idle
2025-07-07 21:00:00,15.8,100,High
2025-07-07 22:00:00,8.38,0,Maintenance
2025-07-07 23:00:00,8.74,0,Idle
2025-07-08 00:00:00,14.98,96,High
2025-07-08 01:00:00,8.35,0,Idle
2025-07-08 02:00:00,8.85,0,Maintenance
2025-07-08 03:00:00,16.14,104,High
2025-07-08 04:00:00,16.21,82,High
2025-07-08 05:00:00,7.98,0,Maintenance
2025-07-08 06:00:00,8.68,0,Idle
2025-07-08 07:00:00,16.02,94,High
2025-07-08 08:00:00,17.21,105,High
2025-07-08 09:00:00,17.82,97,High
2025-07-08 10:00:00,7.61,0,Maintenance
2025-07-08 11:00:00,18.05,100,High
2025-07-08 12:00:00,17.07,86,High
2025-07-08 13:00:00,16.58,111,High
2025-07-08 14:00:00,8.51,0,Maintenance
2025-07-08 15:00:00,7.51,0,Maintenance
2025-07-08 16:00:00,16.96,119,High
2025-07-08 17:00:00,17.42,76,High
2025-07-08 18:00:00,16.98,93,High
2025-07-08 19:00:00,7.83,0,Maintenance
2025-07-08 20:00:00,8.59,0,Idle
2025-07-08 21:00:00,8.0,0,Idle
2025-07-08 22:00:00,17.65,102,High
2025-07-08 23:00:00,17.0,86,High
2025-07-09 00:00:00,18.51,100,High
2025-07-09 01:00:00,17.13,86,High
2025-07-09 02:00:00,7.15,0,Maintenance
2025-07-09 03:00:00,8.64,0,Idle
2025-07-09 04:00:00,19.79,102,High
2025-07-09 05:00:00,6.98,0,Idle
2025-07-09 06:00:00,18.89,104,High
2025-07-09 07:00:00,7.05,0,Maintenance
2025-07-09 08:00:00,17.49,93,High
2025-07-09 09:00:00,7.19,0,Idle
2025-07-09 10:00:00,6.89,0,Idle
2025-07-09 11:00:00,17.85,104,High
2025-07-09 12:00:00,7.45,0,Idle
2025-07-09 13:00:00,7.58,0,Idle
2025-07-09 14:00:00,19.39,98,High
2025-07-09 15:00:00,18.9,108,High
2025-07-09 16:00:00,17.89,101,High
2025-07-09 17:00:00,7.34,0,Idle
2025-07-09 18:00:00,8.83,0,Maintenance
2025-07-09 19:00:00,17.49,104,High
2025-07-09 20:00:00,17.15,95,High
2025-07-09 21:00:00,8.59,0,Maintenance
2025-07-09 22:00:00,8.46,0,Idle
2025-07-09 23:00:00,18.4,97,High
2025-07-10 00:00:00,7.51,0,Idle
2025-07-10 01:00:00,18.05,95,High
2025-07-10 02:00:00,17.29,89,High
2025-07-10 03:00:00,17.72,113,High
2025-07-10 04:00:00,7.36,0,Idle
2025-07-10 05:00:00,16.76,112,High
2025-07-10 06:00:00,16.54,99,High
2025-07-10 07:00:00,17.01,101,High
2025-07-10 08:00:00,17.53,104,High
2025-07-10 09:00:00,17.77,101,High
2025-07-10 10:00:00,16.26,107,High
2025-07-10 11:00:00,17.27,87,High
2025-07-10 12:00:00,17.63,105,High
2025-07-10 13:00:00,17.22,104,High
2025-07-10 14:00:00,8.32,0,Maintenance
2025-07-10 15:00:00,18.09,126,High
2025-07-10 16:00:00,7.78,0,Maintenance
2025-07-10 17:00:00,7.89,0,Idle
2025-07-10 18:00:00,7.08,0,Idle
2025-07-10 19:00:00,17.46,91,High
2025-07-10 20:00:00,17.11,97,High
2025-07-10 21:00:00,15.91,98,High
2025-07-10 22:00:00,16.81,102,High
2025-07-10 23:00:00,16.09,109,High
2025-07-11 00:00:00,7.33,0,Maintenance
2025-07-11 01:00:00,7.3,0,Maintenance
2025-07-11 02:00:00,7.48,0,Maintenance
2025-07-11 03:00:00,8.04,0,Maintenance
2025-07-11 04:00:00,8.4,0,Idle
2025-07-11 05:00:00,15.74,94,High
2025-07-11 06:00:00,6.95,0,Idle
2025-07-11 07:00:00,8.36,0,Maintenance
2025-07-11 08:00:00,8.77,0,Idle
2025-07-11 09:00:00,8.34,0,Idle
2025-07-11 10:00:00,7.2,0,Idle
2025-07-11 11:00:00,14.75,98,High
2025-07-11 12:00:00,14.84,102,High
2025-07-11 13:00:00,8.25,0,Maintenance
2025-07-11 14:00:00,15.28,97,High
2025-07-11 15:00:00,14.6,109,High
2025-07-11 16:00:00,6.81,0,Idle
2025-07-11 17:00:00,7.53,0,Maintenance
2025-07-11 18:00:00,8.81,0,Maintenance
2025-07-11 19:00:00,16.0,104,High
2025-07-11 20:00:00,8.43,0,Idle
2025-07-11 21:00:00,8.4,0,Maintenance
2025-07-11 22:00:00,14.82,99,High
2025-07-11 23:00:00,15.13,87,High
2025-07-12 00:00:00,8.05,0,Maintenance
2025-07-12 01:00:00,8.16,0,Maintenance
2025-07-12 02:00:00,7.8,0,Maintenance
2025-07-12 03:00:00,7.47,0,Maintenance
2025-07-12 04:00:00,7.68,0,Maintenance
2025-07-12 05:00:00,13.73,96,High
2025-07-12 06:00:00,13.44,90,High
2025-07-12 07:00:00,8.44,0,Maintenance
2025-07-12 08:00:00,13.94,90,High
2025-07-12 09:00:00,7.03,0,Maintenance
2025-07-12 10:00:00,8.21,0,Idle
2025-07-12 11:00:00,13.97,87,High
2025-07-12 12:00:00,13.94,109,High
2025-07-12 13:00:00,14.75,110,High
2025-07-12 14:00:00,14.2,107,High
2025-07-12 15:00:00,13.84,88,High
2025-07-12 16:00:00,14.87,101,High
2025-07-12 17:00:00,7.22,0,Maintenance
2025-07-12 18:00:00,14.0,110,High
2025-07-12 19:00:00,8.26,0,Idle
2025-07-12 20:00:00,13.01,92,High
2025-07-12 21:00:00,14.12,102,High
2025-07-12 22:00:00,13.68,97,High
2025-07-12 23:00:00,7.09,0,Maintenance
2025-07-13 00:00:00,13.35,100,High
2025-07-13 01:00:00,12.82,101,High
2025-07-13 02:00:00,7.08,0,Maintenance
2025-07-13 03:00:00,8.63,0,Maintenance
2025-07-13 04:00:00,8.34,0,Idle
2025-07-13 05:00:00,6.95,0,Idle
2025-07-13 06:00:00,8.34,0,Maintenance
2025-07-13 07:00:00,7.9,0,Maintenance
2025-07-13 08:00:00,13.07,123,High
2025-07-13 09:00:00,12.94,98,High
2025-07-13 10:00:00,13.23,114,High
2025-07-13 11:00:00,12.15,101,High
2025-07-13 12:00:00,7.19,0,Maintenance
2025-07-13 13:00:00,7.52,0,Idle
2025-07-13 14:00:00,11.51,105,High
2025-07-13 15:00:00,7.03,0,Idle
2025-07-13 16:00:00,12.67,93,High
2025-07-13 17:00:00,12.29,74,High
2025-07-13 18:00:00,12.15,106,High
2025-07-13 19:00:00,7.93,0,Maintenance
2025-07-13 20:00:00,8.53,0,Idle
2025-07-13 21:00:00,7.9,0,Maintenance
2025-07-13 22:00:00,7.33,0,Maintenance
2025-07-13 23:00:00,11.9,120,High
2025-07-14 00:00:00,8.05,0,Idle
2025-07-14 01:00:00,7.82,0,Maintenance
2025-07-14 02:00:00,7.46,0,Idle
2025-07-14 03:00:00,7.76,0,Maintenance
2025-07-14 04:00:00,11.34,106,High
2025-07-14 05:00:00,12.39,82,High
2025-07-14 06:00:00,12.02,99,High
2025-07-14 07:00:00,11.73,97,High
2025-07-14 08:00:00,8.17,0,Maintenance
2025-07-14 09:00:00,6.93,0,Idle
2025-07-14 10:00:00,11.1,75,High
2025-07-14 11:00:00,7.42,0,Idle
2025-07-14 12:00:00,8.21,0,Maintenance
2025-07-14 13:00:00,7.45,0,Idle
2025-07-14 14:00:00,11.89,102,High
2025-07-14 15:00:00,7.09,0,Maintenance
2025-07-14 16:00:00,8.26,0,Idle
2025-07-14 17:00:00,7.71,0,Maintenance
2025-07-14 18:00:00,10.77,108,High
2025-07-14 19:00:00,11.39,100,High
2025-07-14 20:00:00,11.05,99,High
2025-07-14 21:00:00,13.07,105,High
2025-07-14 22:00:00,8.08,0,Idle
2025-07-14 23:00:00,8.57,0,Idle
2025-07-15 00:00:00,8.19,0,Maintenance
2025-07-15 01:00:00,7.74,0,Idle
2025-07-15 02:00:00,11.9,97,High
2025-07-15 03:00:00,11.75,94,High
2025-07-15 04:00:00,12.91,105,High
2025-07-15 05:00:00,11.9,111,High
2025-07-15 06:00:00,7.96,0,Maintenance
2025-07-15 07:00:00,12.0,101,High
2025-07-15 08:00:00,11.14,110,High
2025-07-15 09:00:00,13.34,103,High
2025-07-15 10:00:00,7.04,0,Idle
2025-07-15 11:00:00,8.23,0,Idle
2025-07-15 12:00:00,8.63,0,Maintenance
2025-07-15 13:00:00,12.68,106,High
2025-07-15 14:00:00,8.25,0,Maintenance
2025-07-15 15:00:00,12.74,94,High
2025-07-15 16:00:00,13.26,94,High
2025-07-15 17:00:00,8.32,0,Idle
2025-07-15 18:00:00,7.31,0,Maintenance
2025-07-15 19:00:00,7.13,0,Maintenance
2025-07-15 20:00:00,7.92,0,Idle
2025-07-15 21:00:00,8.22,0,Maintenance
2025-07-15 22:00:00,11.53,95,High
2025-07-15 23:00:00,12.04,106,High
2025-07-16 00:00:00,7.05,0,Maintenance
2025-07-16 01:00:00,8.11,0,Maintenance
2025-07-16 02:00:00,13.03,93,High
2025-07-16 03:00:00,8.79,0,Maintenance
2025-07-16 04:00:00,14.77,100,High
2025-07-16 05:00:00,12.62,97,High
2025-07-16 06:00:00,8.09,0,Maintenance
2025-07-16 07:00:00,8.34,0,Idle
2025-07-16 08:00:00,7.79,0,Idle
2025-07-16 09:00:00,13.68,96,High
2025-07-16 10:00:00,14.41,97,High
2025-07-16 11:00:00,7.74,0,Maintenance
2025-07-16 12:00:00,14.48,102,High
2025-07-16 13:00:00,7.85,0,Idle
2025-07-16 14:00:00,7.66,0,Idle
2025-07-16 15:00:00,8.22,0,Maintenance
2025-07-16 16:00:00,7.87,0,Maintenance
2025-07-16 17:00:00,13.81,107,High
2025-07-16 18:00:00,8.04,0,Maintenance
2025-07-16 19:00:00,14.23,104,High
2025-07-16 20:00:00,14.89,102,High
2025-07-16 21:00:00,6.85,0,Idle
2025-07-16 22:00:00,7.02,0,Idle
2025-07-16 23:00:00,8.79,0,Maintenance
2025-07-07 00:00:00,8.73,0,Maintenance
2025-07-07 01:00:00,8.53,109,Normal
2025-07-07 02:00:00,9.28,87,Normal
2025-07-07 03:00:00,9.52,105,Normal
2025-07-07 04:00:00,9.46,106,Normal
2025-07-07 05:00:00,6.86,0,Idle
2025-07-07 06:00:00,8.07,0,Idle
2025-07-07 07:00:00,9.09,101,Normal
2025-07-07 08:00:00,7.43,0,Idle
2025-07-07 09:00:00,7.82,0,Idle
2025-07-07 10:00:00,9.68,93,Normal
2025-07-07 11:00:00,8.98,100,Normal
2025-07-07 12:00:00,9.04,101,Normal
2025-07-07 13:00:00,10.33,88,High
2025-07-07 14:00:00,7.73,0,Maintenance
2025-07-07 15:00:00,8.83,0,Maintenance
2025-07-07 16:00:00,8.72,0,Maintenance
2025-07-07 17:00:00,9.61,109,Normal
2025-07-07 18:00:00,8.62,0,Idle
2025-07-07 19:00:00,10.01,101,High
2025-07-07 20:00:00,7.3,0,Idle
2025-07-07 21:00:00,9.83,99,Normal
2025-07-07 22:00:00,7.62,0,Idle
2025-07-07 23:00:00,7.37,0,Maintenance
2025-07-08 00:00:00,10.2,114,High
2025-07-08 01:00:00,8.31,0,Idle
2025-07-08 02:00:00,10.37,92,High
2025-07-08 03:00:00,10.11,116,High
2025-07-08 04:00:00,7.26,0,Idle
2025-07-08 05:00:00,10.17,99,High
2025-07-08 06:00:00,10.0,91,Normal
2025-07-08 07:00:00,10.86,96,High
2025-07-08 08:00:00,10.74,101,High
2025-07-08 09:00:00,10.6,81,High
2025-07-08 10:00:00,10.96,82,High
2025-07-08 11:00:00,6.95,0,Idle
2025-07-08 12:00:00,10.41,99,High
2025-07-08 13:00:00,10.1,90,High
2025-07-08 14:00:00,10.53,104,High
2025-07-08 15:00:00,8.88,97,Normal
2025-07-08 16:00:00,10.9,103,High
2025-07-08 17:00:00,7.13,0,Maintenance
2025-07-08 18:00:00,7.19,0,Maintenance
2025-07-08 19:00:00,10.61,118,High
2025-07-08 20:00:00,10.93,116,High
2025-07-08 21:00:00,9.08,91,Normal
2025-07-08 22:00:00,10.58,99,High
2025-07-08 23:00:00,7.38,0,Idle
2025-07-09 00:00:00,7.03,0,Maintenance
2025-07-09 01:00:00,10.66,101,High
2025-07-09 02:00:00,11.16,103,High
2025-07-09 03:00:00,7.18,0,Maintenance
2025-07-09 04:00:00,7.12,0,Idle
2025-07-09 05:00:00,8.3,0,Maintenance
2025-07-09 06:00:00,11.06,90,High
2025-07-09 07:00:00,11.22,109,High
2025-07-09 08:00:00,7.14,0,Maintenance
2025-07-09 09:00:00,10.86,95,High
2025-07-09 10:00:00,10.09,119,High
2025-07-09 11:00:00,10.74,121,High
2025-07-09 12:00:00,8.66,0,Idle
2025-07-09 13:00:00,7.61,0,Maintenance
2025-07-09 14:00:00,8.61,0,Maintenance
2025-07-09 15:00:00,7.04,0,Maintenance
2025-07-09 16:00:00,10.66,92,High
2025-07-09 17:00:00,11.07,124,High
2025-07-09 18:00:00,8.55,0,Maintenance
2025-07-09 19:00:00,10.62,98,High
2025-07-09 20:00:00,10.31,104,High
2025-07-09 21:00:00,7.54,0,Maintenance
2025-07-09 22:00:00,7.22,0,Maintenance
2025-07-09 23:00:00,8.42,0,Idle
2025-07-10 00:00:00,11.07,105,High
2025-07-10 01:00:00,10.18,104,High
2025-07-10 02:00:00,8.32,0,Maintenance
2025-07-10 03:00:00,10.5,110,High
2025-07-10 04:00:00,8.07,0,Idle
2025-07-10 05:00:00,10.26,103,High
2025-07-10 06:00:00,10.91,97,High
2025-07-10 07:00:00,10.88,95,High
2025-07-10 08:00:00,8.54,0,Idle
2025-07-10 09:00:00,8.19,0,Maintenance
2025-07-10 10:00:00,10.23,92,High
2025-07-10 11:00:00,8.41,0,Idle
2025-07-10 12:00:00,11.05,109,High
2025-07-10 13:00:00,10.45,99,High
2025-07-10 14:00:00,7.17,0,Idle
2025-07-10 15:00:00,8.59,0,Idle
2025-07-10 16:00:00,10.39,111,High
2025-07-10 17:00:00,10.1,100,High
2025-07-10 18:00:00,8.67,0,Maintenance
2025-07-10 19:00:00,8.4,0,Maintenance
2025-07-10 20:00:00,7.88,0,Idle
2025-07-10 21:00:00,9.49,107,Normal
2025-07-10 22:00:00,8.41,0,Idle
2025-07-10 23:00:00,10.32,89,High
2025-07-11 00:00:00,10.54,88,High
2025-07-11 01:00:00,8.59,0,Idle
2025-07-11 02:00:00,10.39,88,High
2025-07-11 03:00:00,10.13,104,High
2025-07-11 04:00:00,9.73,107,Normal
2025-07-11 05:00:00,9.63,84,Normal
2025-07-11 06:00:00,10.99,103,High
2025-07-11 07:00:00,7.44,0,Idle
2025-07-11 08:00:00,7.02,0,Idle
2025-07-11 09:00:00,8.53,0,Maintenance
2025-07-11 10:00:00,8.62,0,Idle
2025-07-11 11:00:00,7.54,0,Maintenance
2025-07-11 12:00:00,9.62,99,Normal
2025-07-11 13:00:00,9.16,100,Normal
2025-07-11 14:00:00,9.31,106,Normal
2025-07-11 15:00:00,9.0,118,Normal
2025-07-11 16:00:00,9.24,84,Normal
2025-07-11 17:00:00,7.26,0,Idle
2025-07-11 18:00:00,9.64,97,Normal
2025-07-11 19:00:00,8.72,0,Maintenance
2025-07-11 20:00:00,9.03,105,Normal
2025-07-11 21:00:00,8.91,0,Maintenance
2025-07-11 22:00:00,7.65,0,Idle
2025-07-11 23:00:00,7.34,0,Maintenance
2025-07-12 00:00:00,8.83,100,Normal
2025-07-12 01:00:00,8.44,0,Idle
2025-07-12 02:00:00,8.43,0,Maintenance
2025-07-12 03:00:00,9.28,93,Normal
2025-07-12 04:00:00,8.47,105,Normal
2025-07-12 05:00:00,8.53,0,Maintenance
2025-07-12 06:00:00,8.6,124,Normal
2025-07-12 07:00:00,9.47,127,Normal
2025-07-12 08:00:00,8.92,0,Maintenance
2025-07-12 09:00:00,8.07,0,Idle
2025-07-12 10:00:00,8.1,111,Normal
2025-07-12 11:00:00,8.46,97,Normal
2025-07-12 12:00:00,7.59,95,Normal
2025-07-12 13:00:00,8.89,0,Maintenance
2025-07-12 14:00:00,8.39,99,Normal
2025-07-12 15:00:00,7.77,0,Idle
2025-07-12 16:00:00,8.39,0,Maintenance
2025-07-12 17:00:00,8.04,120,Normal
2025-07-12 18:00:00,8.16,91,Normal
2025-07-12 19:00:00,7.22,0,Idle
2025-07-12 20:00:00,8.07,94,Normal
2025-07-12 21:00:00,7.79,79,Normal
2025-07-12 22:00:00,8.22,0,Idle
2025-07-12 23:00:00,7.97,0,Maintenance
2025-07-13 00:00:00,7.38,0,Maintenance
2025-07-13 01:00:00,8.22,0,Idle
2025-07-13 02:00:00,7.95,0,Maintenance
2025-07-13 03:00:00,8.03,91,Normal
2025-07-13 04:00:00,7.81,108,Normal
2025-07-13 05:00:00,8.15,94,Normal
2025-07-13 06:00:00,7.88,97,Normal
2025-07-13 07:00:00,7.41,0,Idle
2025-07-13 08:00:00,7.84,87,Normal
2025-07-13 09:00:00,8.08,0,Maintenance
2025-07-13 10:00:00,7.36,0,Maintenance
2025-07-13 11:00:00,7.19,0,Maintenance
2025-07-13 12:00:00,6.93,96,Normal
2025-07-13 13:00:00,8.01,0,Maintenance
2025-07-13 14:00:00,7.46,97,Normal
2025-07-13 15:00:00,7.14,0,Maintenance
2025-07-13 16:00:00,7.9,0,Maintenance
2025-07-13 17:00:00,7.34,0,Idle
2025-07-13 18:00:00,7.83,0,Idle
2025-07-13 19:00:00,7.68,0,Idle
2025-07-13 20:00:00,7.21,0,Maintenance
2025-07-13 21:00:00,7.45,102,Normal
2025-07-13 22:00:00,7.8,0,Maintenance
2025-07-13 23:00:00,6.51,99,Normal
2025-07-14 00:00:00,6.73,114,Normal
2025-07-14 01:00:00,7.79,93,Normal
2025-07-14 02:00:00,7.25,0,Maintenance
2025-07-14 03:00:00,6.85,90,Normal
2025-07-14 04:00:00,7.21,124,Normal
2025-07-14 05:00:00,7.45,90,Normal
2025-07-14 06:00:00,7.53,0,Idle
2025-07-14 07:00:00,7.4,0,Idle
2025-07-14 08:00:00,7.33,109,Normal
2025-07-14 09:00:00,6.82,103,Normal
2025-07-14 10:00:00,7.6,0,Maintenance
2025-07-14 11:00:00,7.41,100,Normal
2025-07-14 12:00:00,7.5,0,Idle
2025-07-14 13:00:00,6.87,0,Maintenance
2025-07-14 14:00:00,6.62,0,Idle
2025-07-14 15:00:00,6.85,0,Idle
2025-07-14 16:00:00,7.59,86,Normal
2025-07-14 17:00:00,6.82,119,Normal
2025-07-14 18:00:00,7.22,106,Normal
2025-07-14 19:00:00,7.7,0,Maintenance
2025-07-14 20:00:00,7.3,0,Maintenance
2025-07-14 21:00:00,7.48,109,Normal
2025-07-14 22:00:00,7.59,93,Normal
2025-07-14 23:00:00,6.75,93,Normal
2025-07-15 00:00:00,7.84,87,Normal
2025-07-15 01:00:00,7.32,0,Idle
2025-07-15 02:00:00,6.48,0,Idle
2025-07-15 03:00:00,8.34,0,Maintenance
2025-07-15 04:00:00,7.93,95,Normal
2025-07-15 05:00:00,8.2,102,Normal
2025-07-15 06:00:00,7.84,80,Normal
2025-07-15 07:00:00,7.2,0,Idle
2025-07-15 08:00:00,9.18,83,Normal
2025-07-15 09:00:00,6.57,96,Normal
2025-07-15 10:00:00,7.68,0,Maintenance
2025-07-15 11:00:00,7.23,0,Idle
2025-07-15 12:00:00,7.75,0,Idle
2025-07-15 13:00:00,7.73,0,Maintenance
2025-07-15 14:00:00,7.34,0,Idle
2025-07-15 15:00:00,7.08,111,Normal
2025-07-15 16:00:00,7.3,98,Normal
2025-07-15 17:00:00,7.24,0,Maintenance
2025-07-15 18:00:00,7.28,0,Maintenance
2025-07-15 19:00:00,7.2,0,Maintenance
2025-07-15 20:00:00,8.12,99,Normal
2025-07-15 21:00:00,7.9,0,Idle
2025-07-15 22:00:00,8.18,100,Normal
2025-07-15 23:00:00,7.98,96,Normal
2025-07-16 00:00:00,7.51,100,Normal
2025-07-16 01:00:00,8.33,0,Maintenance
2025-07-16 02:00:00,8.57,0,Idle
2025-07-16 03:00:00,7.71,0,Maintenance
2025-07-16 04:00:00,8.15,0,Idle
2025-07-16 05:00:00,8.16,0,Idle
2025-07-16 06:00:00,7.93,97,Normal
2025-07-16 07:00:00,7.37,0,Idle
2025-07-16 08:00:00,8.32,0,Maintenance
2025-07-16 09:00:00,9.4,90,Normal
2025-07-16 10:00:00,8.14,0,Idle
2025-07-16 11:00:00,8.58,95,Normal
2025-07-16 12:00:00,8.48,0,Idle
2025-07-16 13:00:00,7.87,83,Normal
2025-07-16 14:00:00,8.57,0,Idle
2025-07-16 15:00:00,8.7,92,Normal
2025-07-16 16:00:00,8.59,103,Normal
2025-07-16 17:00:00,9.11,94,Normal
2025-07-16 18:00:00,8.93,0,Idle
2025-07-16 19:00:00,8.52,0,Idle
2025-07-16 20:00:00,8.7,105,Normal
2025-07-16 21:00:00,8.8,0,Idle
2025-07-16 22:00:00,8.88,0,Maintenance
2025-07-16 23:00:00,9.05,104,Normal
2025-07-07 00:00:00,7.78,0,Maintenance
2025-07-07 01:00:00,13.11,88,High
2025-07-07 02:00:00,14.0,88,High
2025-07-07 03:00:00,15.52,99,High
2025-07-07 04:00:00,13.77,98,High
2025-07-07 05:00:00,13.14,84,High
2025-07-07 06:00:00,7.71,0,Maintenance
2025-07-07 07:00:00,6.81,0,Idle
2025-07-07 08:00:00,7.82,0,Idle
2025-07-07 09:00:00,7.63,0,Idle
2025-07-07 10:00:00,13.68,113,High
2025-07-07 11:00:00,7.24,0,Idle
2025-07-07 12:00:00,16.17,104,High
2025-07-07 13:00:00,7.04,0,Idle
2025-07-07 14:00:00,7.48,0,Idle
2025-07-07 15:00:00,8.48,0,Maintenance
2025-07-07 16:00:00,15.86,97,High
2025-07-07 17:00:00,14.87,91,High
2025-07-07 18:00:00,14.95,110,High
2025-07-07 19:00:00,16.39,111,High
2025-07-07 20:00:00,8.69,0,Idle
2025-07-07 21:00:00,14.71,107,High
2025-07-07 22:00:00,7.45,0,Idle
2025-07-07 23:00:00,7.65,0,Maintenance
2025-07-08 00:00:00,15.35,101,High
2025-07-08 01:00:00,15.42,96,High
2025-07-08 02:00:00,8.77,0,Maintenance
2025-07-08 03:00:00,8.63,0,Maintenance
2025-07-08 04:00:00,15.33,96,High
2025-07-08 05:00:00,15.95,103,High
2025-07-08 06:00:00,15.11,106,High
2025-07-08 07:00:00,15.4,104,High
2025-07-08 08:00:00,17.5,81,High
2025-07-08 09:00:00,16.98,104,High
2025-07-08 10:00:00,7.82,0,Maintenance
2025-07-08 11:00:00,7.84,0,Idle
2025-07-08 12:00:00,16.13,106,High
2025-07-08 13:00:00,8.43,0,Maintenance
2025-07-08 14:00:00,8.21,0,Idle
2025-07-08 15:00:00,17.07,92,High
2025-07-08 16:00:00,15.83,102,High
2025-07-08 17:00:00,17.02,88,High
2025-07-08 18:00:00,7.53,0,Idle
2025-07-08 19:00:00,8.74,0,Idle
2025-07-08 20:00:00,16.32,105,High
2025-07-08 21:00:00,16.21,95,High
2025-07-08 22:00:00,17.01,90,High
2025-07-08 23:00:00,8.43,0,Maintenance
2025-07-09 00:00:00,7.2,0,Maintenance
2025-07-09 01:00:00,8.72,0,Idle
2025-07-09 02:00:00,7.3,0,Idle
2025-07-09 03:00:00,7.79,0,Idle
2025-07-09 04:00:00,8.71,0,Maintenance
2025-07-09 05:00:00,16.57,112,High
2025-07-09 06:00:00,7.96,0,Maintenance
2025-07-09 07:00:00,7.4,0,Idle
2025-07-09 08:00:00,7.37,0,Idle
2025-07-09 09:00:00,8.57,0,Maintenance
2025-07-09 10:00:00,16.56,95,High
2025-07-09 11:00:00,16.87,96,High
2025-07-09 12:00:00,6.87,0,Idle
2025-07-09 13:00:00,17.37,93,High
2025-07-09 14:00:00,16.53,94,High
2025-07-09 15:00:00,8.02,0,Idle
2025-07-09 16:00:00,7.81,0,Idle
2025-07-09 17:00:00,16.15,96,High
2025-07-09 18:00:00,6.9,0,Idle
2025-07-09 19:00:00,15.73,111,High
2025-07-09 20:00:00,17.08,108,High
2025-07-09 21:00:00,7.36,0,Idle
2025-07-09 22:00:00,7.61,0,Maintenance
2025-07-09 23:00:00,14.79,112,High
2025-07-10 00:00:00,8.7,0,Maintenance
2025-07-10 01:00:00,16.7,90,High
2025-07-10 02:00:00,15.89,113,High
2025-07-10 03:00:00,8.62,0,Idle
2025-07-10 04:00:00,16.13,106,High
2025-07-10 05:00:00,14.88,101,High
2025-07-10 06:00:00,16.6,116,High
2025-07-10 07:00:00,16.48,93,High
2025-07-10 08:00:00,7.28,0,Idle
2025-07-10 09:00:00,7.74,0,Maintenance
2025-07-10 10:00:00,7.02,0,Maintenance
2025-07-10 11:00:00,7.09,0,Idle
2025-07-10 12:00:00,15.87,83,High
2025-07-10 13:00:00,16.1,88,High
2025-07-10 14:00:00,7.78,0,Idle
2025-07-10 15:00:00,8.77,0,Idle
2025-07-10 16:00:00,15.56,90,High
2025-07-10 17:00:00,7.28,0,Idle
2025-07-10 18:00:00,8.72,0,Maintenance
2025-07-10 19:00:00,16.01,112,High
2025-07-10 20:00:00,15.19,99,High
2025-07-10 21:00:00,8.14,0,Idle
2025-07-10 22:00:00,7.17,0,Maintenance
2025-07-10 23:00:00,8.32,0,Idle
2025-07-11 00:00:00,7.28,0,Idle
2025-07-11 01:00:00,8.26,0,Idle
2025-07-11 02:00:00,14.34,95,High
2025-07-11 03:00:00,15.68,98,High
2025-07-11 04:00:00,15.26,96,High
2025-07-11 05:00:00,15.94,82,High
2025-07-11 06:00:00,14.39,114,High
2025-07-11 07:00:00,15.41,91,High
2025-07-11 08:00:00,7.54,0,Idle
2025-07-11 09:00:00,7.61,0,Maintenance
2025-07-11 10:00:00,13.97,104,High
2025-07-11 11:00:00,8.81,0,Maintenance
2025-07-11 12:00:00,15.65,95,High
2025-07-11 13:00:00,8.06,0,Idle
2025-07-11 14:00:00,14.6,98,High
2025-07-11 15:00:00,8.07,0,Idle
2025-07-11 16:00:00,14.14,123,High
2025-07-11 17:00:00,7.87,0,Idle
2025-07-11 18:00:00,8.81,0,Maintenance
2025-07-11 19:00:00,6.98,0,Idle
2025-07-11 20:00:00,8.09,0,Maintenance
2025-07-11 21:00:00,13.3,110,High
2025-07-11 22:00:00,8.47,0,Idle
2025-07-11 23:00:00,13.46,96,High
2025-07-12 00:00:00,7.44,0,Idle
2025-07-12 01:00:00,13.38,100,High
2025-07-12 02:00:00,8.2,0,Maintenance
2025-07-12 03:00:00,7.17,0,Idle
2025-07-12 04:00:00,6.88,0,Idle
2025-07-12 05:00:00,14.5,99,High
2025-07-12 06:00:00,12.67,113,High
2025-07-12 07:00:00,7.98,0,Idle
2025-07-12 08:00:00,7.85,0,Maintenance
2025-07-12 09:00:00,14.03,99,High
2025-07-12 10:00:00,12.99,93,High
2025-07-12 11:00:00,13.14,102,High
2025-07-12 12:00:00,13.92,97,High
2025-07-12 13:00:00,13.01,103,High
2025-07-12 14:00:00,8.16,0,Idle
2025-07-12 15:00:00,12.72,83,High
2025-07-12 16:00:00,7.56,0,Maintenance
2025-07-12 17:00:00,6.83,0,Idle
2025-07-12 18:00:00,13.47,99,High
2025-07-12 19:00:00,7.82,0,Idle
2025-07-12 20:00:00,7.25,0,Idle
2025-07-12 21:00:00,7.62,0,Maintenance
2025-07-12 22:00:00,12.38,83,High
2025-07-12 23:00:00,8.28,0,Maintenance
2025-07-13 00:00:00,12.65,92,High
2025-07-13 01:00:00,14.23,101,High
2025-07-13 02:00:00,11.32,116,High
2025-07-13 03:00:00,8.09,0,Idle
2025-07-13 04:00:00,8.43,0,Maintenance
2025-07-13 05:00:00,7.15,0,Idle
2025-07-13 06:00:00,8.5,0,Maintenance
2025-07-13 07:00:00,8.18,0,Idle
2025-07-13 08:00:00,8.5,0,Maintenance
2025-07-13 09:00:00,11.0,107,High
2025-07-13 10:00:00,7.57,0,Idle
2025-07-13 11:00:00,11.78,94,High
2025-07-13 12:00:00,8.67,0,Idle
2025-07-13 13:00:00,12.35,95,High
2025-07-13 14:00:00,12.49,93,High
2025-07-13 15:00:00,7.08,0,Idle
2025-07-13 16:00:00,7.17,0,Maintenance
2025-07-13 17:00:00,7.48,0,Idle
2025-07-13 18:00:00,7.03,0,Idle
2025-07-13 19:00:00,7.94,0,Maintenance
2025-07-13 20:00:00,11.21,93,High
2025-07-13 21:00:00,11.63,95,High
2025-07-13 22:00:00,7.11,0,Maintenance
2025-07-13 23:00:00,8.04,0,Maintenance
2025-07-14 00:00:00,8.65,0,Idle
2025-07-14 01:00:00,7.84,0,Maintenance
2025-07-14 02:00:00,8.69,0,Maintenance
2025-07-14 03:00:00,11.38,96,High
2025-07-14 04:00:00,10.11,101,High
2025-07-14 05:00:00,10.6,98,High
2025-07-14 06:00:00,7.67,0,Maintenance
2025-07-14 07:00:00,7.22,0,Maintenance
2025-07-14 08:00:00,10.75,105,High
2025-07-14 09:00:00,11.06,90,High
2025-07-14 10:00:00,11.18,104,High
2025-07-14 11:00:00,8.55,0,Idle
2025-07-14 12:00:00,7.32,0,Idle
2025-07-14 13:00:00,12.43,99,High
2025-07-14 14:00:00,10.46,95,High
2025-07-14 15:00:00,10.82,108,High
2025-07-14 16:00:00,7.27,0,Maintenance
2025-07-14 17:00:00,8.45,0,Maintenance
2025-07-14 18:00:00,8.17,0,Maintenance
2025-07-14 19:00:00,8.12,0,Idle
2025-07-14 20:00:00,8.43,0,Idle
2025-07-14 21:00:00,7.91,0,Idle
2025-07-14 22:00:00,7.19,0,Maintenance
2025-07-14 23:00:00,10.53,95,High
2025-07-15 00:00:00,10.89,100,High
2025-07-15 01:00:00,7.86,0,Idle
2025-07-15 02:00:00,7.16,0,Maintenance
2025-07-15 03:00:00,11.09,116,High
2025-07-15 04:00:00,9.98,96,Normal
2025-07-15 05:00:00,7.28,0,Idle
2025-07-15 06:00:00,11.31,93,High
2025-07-15 07:00:00,10.53,86,High
2025-07-15 08:00:00,6.99,0,Idle
2025-07-15 09:00:00,8.59,0,Idle
2025-07-15 10:00:00,11.84,94,High
2025-07-15 11:00:00,8.33,0,Maintenance
2025-07-15 12:00:00,7.14,0,Maintenance
2025-07-15 13:00:00,11.27,122,High
2025-07-15 14:00:00,8.6,0,Idle
2025-07-15 15:00:00,12.72,90,High
2025-07-15 16:00:00,8.56,0,Maintenance
2025-07-15 17:00:00,12.54,88,High
2025-07-15 18:00:00,13.36,96,High
2025-07-15 19:00:00,12.65,96,High
2025-07-15 20:00:00,11.03,112,High
2025-07-15 21:00:00,12.46,89,High
2025-07-15 22:00:00,13.41,109,High
2025-07-15 23:00:00,8.34,0,Maintenance
2025-07-16 00:00:00,11.68,97,High
2025-07-16 01:00:00,12.34,110,High
2025-07-16 02:00:00,8.07,0,Idle
2025-07-16 03:00:00,7.15,0,Maintenance
2025-07-16 04:00:00,7.16,0,Maintenance
2025-07-16 05:00:00,13.29,97,High
2025-07-16 06:00:00,7.48,0,Idle
2025-07-16 07:00:00,10.98,98,High
2025-07-16 08:00:00,8.87,0,Maintenance
2025-07-16 09:00:00,12.79,96,High
2025-07-16 10:00:00,7.5,0,Idle
2025-07-16 11:00:00,13.82,104,High
2025-07-16 12:00:00,8.25,0,Idle
2025-07-16 13:00:00,12.76,103,High
2025-07-16 14:00:00,8.59,0,Idle
2025-07-16 15:00:00,7.71,0,Maintenance
2025-07-16 16:00:00,7.7,0,Maintenance
2025-07-16 17:00:00,8.54,0,Maintenance
2025-07-16 18:00:00,14.02,93,High
2025-07-16 19:00:00,8.57,0,Idle
2025-07-16 20:00:00,13.59,97,High
2025-07-16 21:00:00,14.74,95,High
2025-07-16 22:00:00,13.62,83,High
2025-07-16 23:00:00,13.77,107,High
2025-07-07 00:00:00,8.8,0,Maintenance
2025-07-07 01:00:00,11.91,88,High
2025-07-07 02:00:00,11.31,93,High
2025-07-07 03:00:00,10.46,105,High
2025-07-07 04:00:00,8.87,0,Maintenance
2025-07-07 05:00:00,8.43,0,Maintenance
2025-07-07 06:00:00,8.36,0,Idle
2025-07-07 07:00:00,8.08,0,Idle
2025-07-07 08:00:00,7.71,0,Maintenance
2025-07-07 09:00:00,7.16,0,Maintenance
2025-07-07 10:00:00,6.97,0,Idle
2025-07-07 11:00:00,7.12,0,Idle
2025-07-07 12:00:00,8.48,0,Maintenance
2025-07-07 13:00:00,8.06,0,Maintenance
2025-07-07 14:00:00,11.9,118,High
2025-07-07 15:00:00,11.91,89,High
2025-07-07 16:00:00,12.79,113,High
2025-07-07 17:00:00,12.07,117,High
2025-07-07 18:00:00,7.81,0,Maintenance
2025-07-07 19:00:00,12.61,97,High
2025-07-07 20:00:00,8.6,0,Idle
2025-07-07 21:00:00,12.67,96,High
2025-07-07 22:00:00,11.49,78,High
2025-07-07 23:00:00,11.37,84,High
2025-07-08 00:00:00,8.72,0,Maintenance
2025-07-08 01:00:00,12.38,89,High
2025-07-08 02:00:00,11.9,110,High
2025-07-08 03:00:00,7.21,0,Maintenance
2025-07-08 04:00:00,8.01,0,Idle
2025-07-08 05:00:00,6.82,0,Idle
2025-07-08 06:00:00,7.0,0,Idle
2025-07-08 07:00:00,12.95,124,High
2025-07-08 08:00:00,12.75,103,High
2025-07-08 09:00:00,7.94,0,Maintenance
2025-07-08 10:00:00,12.76,99,High
2025-07-08 11:00:00,7.02,0,Maintenance
2025-07-08 12:00:00,8.13,0,Idle
2025-07-08 13:00:00,12.94,104,High
2025-07-08 14:00:00,7.89,0,Maintenance
2025-07-08 15:00:00,14.27,86,High
2025-07-08 16:00:00,7.11,0,Maintenance
2025-07-08 17:00:00,12.51,97,High
2025-07-08 18:00:00,7.23,0,Maintenance
2025-07-08 19:00:00,6.81,0,Idle
2025-07-08 20:00:00,13.32,88,High
2025-07-08 21:00:00,7.12,0,Idle
2025-07-08 22:00:00,7.9,0,Idle
2025-07-08 23:00:00,8.18,0,Idle
2025-07-09 00:00:00,7.22,0,Maintenance
2025-07-09 01:00:00,12.86,117,High
2025-07-09 02:00:00,13.34,94,High
2025-07-09 03:00:00,12.8,107,High
2025-07-09 04:00:00,8.1,0,Idle
2025-07-09 05:00:00,13.2,118,High
2025-07-09 06:00:00,8.23,0,Maintenance
2025-07-09 07:00:00,7.25,0,Idle
2025-07-09 08:00:00,8.22,0,Idle
2025-07-09 09:00:00,14.38,103,High
2025-07-09 10:00:00,13.47,104,High
2025-07-09 11:00:00,7.27,0,Idle
2025-07-09 12:00:00,8.42,0,Maintenance
2025-07-09 13:00:00,8.11,0,Maintenance
2025-07-09 14:00:00,8.83,0,Maintenance
2025-07-09 15:00:00,13.44,111,High
2025-07-09 16:00:00,7.71,0,Maintenance
2025-07-09 17:00:00,12.76,96,High
2025-07-09 18:00:00,13.05,106,High
2025-07-09 19:00:00,13.53,116,High
2025-07-09 20:00:00,13.26,103,High
2025-07-09 21:00:00,12.63,91,High
2025-07-09 22:00:00,12.97,101,High
2025-07-09 23:00:00,13.25,103,High
2025-07-10 00:00:00,7.54,0,Maintenance
2025-07-10 01:00:00,12.67,99,High
2025-07-10 02:00:00,7.45,0,Idle
2025-07-10 03:00:00,13.27,85,High
2025-07-10 04:00:00,8.65,0,Maintenance
2025-07-10 05:00:00,8.29,0,Idle
2025-07-10 06:00:00,12.91,108,High
2025-07-10 07:00:00,7.42,0,Maintenance
2025-07-10 08:00:00,8.1,0,Idle
2025-07-10 09:00:00,13.1,107,High
2025-07-10 10:00:00,8.83,0,Maintenance
2025-07-10 11:00:00,8.5,0,Idle
2025-07-10 12:00:00,12.53,109,High
2025-07-10 13:00:00,13.21,121,High
2025-07-10 14:00:00,13.56,96,High
2025-07-10 15:00:00,8.12,0,Idle
2025-07-10 16:00:00,7.94,0,Idle
2025-07-10 17:00:00,12.54,96,High
2025-07-10 18:00:00,12.9,80,High
2025-07-10 19:00:00,14.77,88,High
2025-07-10 20:00:00,7.02,0,Maintenance
2025-07-10 21:00:00,12.23,116,High
2025-07-10 22:00:00,12.59,98,High
2025-07-10 23:00:00,6.99,0,Idle
2025-07-11 00:00:00,13.72,119,High
2025-07-11 01:00:00,12.34,91,High
2025-07-11 02:00:00,13.38,78,High
2025-07-11 03:00:00,7.54,0,Idle
2025-07-11 04:00:00,8.84,0,Maintenance
2025-07-11 05:00:00,12.11,93,High
2025-07-11 06:00:00,11.11,110,High
2025-07-11 07:00:00,12.38,95,High
2025-07-11 08:00:00,11.48,99,High
2025-07-11 09:00:00,7.33,0,Idle
2025-07-11 10:00:00,7.29,0,Idle
2025-07-11 11:00:00,8.75,0,Idle
2025-07-11 12:00:00,7.08,0,Maintenance
2025-07-11 13:00:00,12.43,94,High
2025-07-11 14:00:00,8.69,0,Maintenance
2025-07-11 15:00:00,11.16,102,High
2025-07-11 16:00:00,11.26,107,High
2025-07-11 17:00:00,11.53,95,High
2025-07-11 18:00:00,8.0,0,Maintenance
2025-07-11 19:00:00,8.89,0,Maintenance
2025-07-11 20:00:00,7.14,0,Maintenance
2025-07-11 21:00:00,8.05,0,Maintenance
2025-07-11 22:00:00,8.84,0,Maintenance
2025-07-11 23:00:00,7.59,0,Idle
2025-07-12 00:00:00,10.08,93,High
2025-07-12 01:00:00,7.99,0,Maintenance
2025-07-12 02:00:00,11.1,104,High
2025-07-12 03:00:00,8.58,0,Idle
2025-07-12 04:00:00,8.06,0,Idle
2025-07-12 05:00:00,8.39,0,Idle
2025-07-12 06:00:00,8.2,0,Maintenance
2025-07-12 07:00:00,10.53,100,High
2025-07-12 08:00:00,8.32,0,Maintenance
2025-07-12 09:00:00,7.81,0,Idle
2025-07-12 10:00:00,10.51,110,High
2025-07-12 11:00:00,7.86,0,Maintenance
2025-07-12 12:00:00,11.94,99,High
2025-07-12 13:00:00,8.19,0,Maintenance
2025-07-12 14:00:00,10.22,91,High
2025-07-12 15:00:00,10.24,104,High
2025-07-12 16:00:00,7.95,0,Idle
2025-07-12 17:00:00,10.3,102,High
2025-07-12 18:00:00,10.7,110,High
2025-07-12 19:00:00,8.11,0,Maintenance
2025-07-12 20:00:00,10.11,108,High
2025-07-12 21:00:00,8.71,0,Maintenance
2025-07-12 22:00:00,8.86,96,Normal
2025-07-12 23:00:00,7.79,0,Idle
2025-07-13 00:00:00,7.19,0,Idle
2025-07-13 01:00:00,8.24,0,Idle
2025-07-13 02:00:00,9.28,105,Normal
2025-07-13 03:00:00,9.8,85,Normal
2025-07-13 04:00:00,9.6,101,Normal
2025-07-13 05:00:00,9.88,83,Normal
2025-07-13 06:00:00,7.09,0,Maintenance
2025-07-13 07:00:00,10.03,107,High
2025-07-13 08:00:00,10.0,102,High
2025-07-13 09:00:00,9.47,74,Normal
2025-07-13 10:00:00,7.36,0,Idle
2025-07-13 11:00:00,8.34,0,Idle
2025-07-13 12:00:00,6.85,0,Idle
2025-07-13 13:00:00,8.83,98,Normal
2025-07-13 14:00:00,9.0,103,Normal
2025-07-13 15:00:00,8.09,0,Idle
2025-07-13 16:00:00,9.81,114,Normal
2025-07-13 17:00:00,7.53,0,Maintenance
2025-07-13 18:00:00,9.33,97,Normal
2025-07-13 19:00:00,8.95,0,Idle
2025-07-13 20:00:00,8.81,0,Maintenance
2025-07-13 21:00:00,7.15,0,Idle
2025-07-13 22:00:00,8.68,0,Idle
2025-07-13 23:00:00,8.71,0,Idle
2025-07-14 00:00:00,8.73,0,Maintenance
2025-07-14 01:00:00,8.63,0,Idle
2025-07-14 02:00:00,8.69,103,Normal
2025-07-14 03:00:00,8.95,89,Normal
2025-07-14 04:00:00,8.43,108,Normal
2025-07-14 05:00:00,8.69,0,Maintenance
2025-07-14 06:00:00,9.21,84,Normal
2025-07-14 07:00:00,7.87,0,Maintenance
2025-07-14 08:00:00,8.44,113,Normal
2025-07-14 09:00:00,8.46,115,Normal
2025-07-14 10:00:00,8.41,0,Maintenance
2025-07-14 11:00:00,8.88,98,Normal
2025-07-14 12:00:00,7.54,0,Idle
2025-07-14 13:00:00,6.83,0,Idle
2025-07-14 14:00:00,8.84,96,Normal
2025-07-14 15:00:00,8.18,0,Maintenance
2025-07-14 16:00:00,9.75,92,Normal
2025-07-14 17:00:00,8.46,123,Normal
2025-07-14 18:00:00,8.9,99,Normal
2025-07-14 19:00:00,7.97,95,Normal
2025-07-14 20:00:00,8.97,0,Idle
2025-07-14 21:00:00,7.53,0,Maintenance
2025-07-14 22:00:00,9.21,91,Normal
2025-07-14 23:00:00,8.86,0,Maintenance
2025-07-15 00:00:00,7.36,0,Maintenance
2025-07-15 01:00:00,7.88,0,Maintenance
2025-07-15 02:00:00,8.9,0,Maintenance
2025-07-15 03:00:00,8.66,0,Idle
2025-07-15 04:00:00,9.85,97,Normal
2025-07-15 05:00:00,9.85,103,Normal
2025-07-15 06:00:00,8.85,0,Idle
2025-07-15 07:00:00,8.23,124,Normal
2025-07-15 08:00:00,8.69,101,Normal
2025-07-15 09:00:00,7.66,0,Idle
2025-07-15 10:00:00,8.73,0,Idle
2025-07-15 11:00:00,8.73,0,Idle
2025-07-15 12:00:00,8.0,0,Idle
2025-07-15 13:00:00,9.63,94,Normal
2025-07-15 14:00:00,8.51,0,Idle
2025-07-15 15:00:00,8.42,107,Normal
2025-07-15 16:00:00,8.92,86,Normal
2025-07-15 17:00:00,8.94,0,Idle
2025-07-15 18:00:00,9.36,109,Normal
2025-07-15 19:00:00,7.67,0,Maintenance
2025-07-15 20:00:00,7.39,0,Idle
2025-07-15 21:00:00,8.11,0,Maintenance
2025-07-15 22:00:00,7.57,0,Idle
2025-07-15 23:00:00,7.15,0,Maintenance
2025-07-16 00:00:00,8.5,0,Idle
2025-07-16 01:00:00,7.43,0,Idle
2025-07-16 02:00:00,8.86,110,Normal
2025-07-16 03:00:00,7.14,0,Idle
2025-07-16 04:00:00,8.85,0,Maintenance
2025-07-16 05:00:00,7.91,0,Idle
2025-07-16 06:00:00,8.87,0,Maintenance
2025-07-16 07:00:00,10.67,133,High
2025-07-16 08:00:00,8.67,0,Idle
2025-07-16 09:00:00,9.88,114,Normal
2025-07-16 10:00:00,11.14,96,High
2025-07-16 11:00:00,8.33,0,Maintenance
2025-07-16 12:00:00,11.35,100,High
2025-07-16 13:00:00,9.8,110,Normal
2025-07-16 14:00:00,8.02,0,Maintenance
2025-07-16 15:00:00,11.67,100,High
2025-07-16 16:00:00,7.59,0,Maintenance
2025-07-16 17:00:00,10.59,91,High
2025-07-16 18:00:00,8.55,0,Maintenance
2025-07-16 19:00:00,10.64,118,High
2025-07-16 20:00:00,8.19,0,Idle
2025-07-16 21:00:00,11.69,100,High
2025-07-16 22:00:00,11.4,111,High
2025-07-16 23:00:00,11.23,103,High
2025-07-17 00:00:00,4.65,60,Medium
2025-07-17 01:00:00,4.14,5,Low
2025-07-17 02:00:00,9.32,89,High
2025-07-17 03:00:00,6.4,77,Medium
2025-07-17 04:00:00,0.93,0,Idle
2025-07-17 05:00:00,6.7,78,High
2025-07-17 06:00:00,5.44,94,Medium
2025-07-17 07:00:00,6.93,69,Medium
2025-07-17 08:00:00,0.93,0,Idle
2025-07-17 09:00:00,3.57,28,Low
2025-07-17 10:00:00,1.26,15,Low
2025-07-17 11:00:00,8.39,84,High
2025-07-17 12:00:00,6.93,69,Medium
2025-07-17 13:00:00,6.9,74,Medium
2025-07-17 14:00:00,3.74,54,Low
2025-07-17 15:00:00,2.86,25,Low
2025-07-17 16:00:00,6.66,78,Medium
2025-07-17 17:00:00,0.24,0,Idle
2025-07-17 18:00:00,4.18,74,Medium
2025-07-17 19:00:00,2.99,69,Medium
2025-07-17 20:00:00,5.71,73,Medium
2025-07-17 21:00:00,4.0,15,Low
2025-07-17 22:00:00,8.5,99,High
2025-07-17 23:00:00,5.67,124,High
2025-07-18 00:00:00,6.36,65,Medium
2025-07-18 01:00:00,0.71,0,Idle
2025-07-18 02:00:00,3.31,42,Low
2025-07-18 03:00:00,0.6,0,Idle
2025-07-18 04:00:00,1.1,0,Idle
2025-07-18 05:00:00,5.52,46,Medium
2025-07-18 06:00:00,6.34,93,Medium
2025-07-18 07:00:00,8.77,86,High
2025-07-18 08:00:00,2.98,30,Low
2025-07-18 09:00:00,1.82,32,Low
2025-07-18 10:00:00,1.49,43,Low
2025-07-18 11:00:00,0.54,0,Idle
2025-07-18 12:00:00,0.92,0,Idle
2025-07-18 13:00:00,3.79,65,Low
2025-07-18 14:00:00,1.9,29,Low
2025-07-18 15:00:00,3.12,76,Medium
2025-07-18 16:00:00,4.49,15,Low
2025-07-18 17:00:00,5.18,67,Medium
2025-07-18 18:00:00,6.62,98,Medium
2025-07-18 19:00:00,1.3,60,Low
2025-07-18 20:00:00,2.8,75,Medium
2025-07-18 21:00:00,2.58,49,Medium
2025-07-18 22:00:00,3.15,53,Low
2025-07-18 23:00:00,2.36,9,Low
2025-07-19 00:00:00,5.88,48,Medium
2025-07-19 01:00:00,0.48,0,Idle
2025-07-19 02:00:00,1.1,0,Idle
2025-07-19 03:00:00,0.44,0,Idle
2025-07-19 04:00:00,3.96,73,Medium
2025-07-19 05:00:00,4.88,20,Medium
2025-07-19 06:00:00,5.16,69,Medium
2025-07-19 07:00:00,3.85,41,Medium
2025-07-19 08:00:00,1.99,40,Low
2025-07-19 09:00:00,6.43,71,Medium
2025-07-19 10:00:00,0.76,0,Idle
2025-07-19 11:00:00,0.99,0,Idle
2025-07-19 12:00:00,6.03,79,Medium
2025-07-19 13:00:00,2.56,53,Low
2025-07-19 14:00:00,5.54,57,Medium
2025-07-19 15:00:00,3.33,79,Medium
2025-07-19 16:00:00,2.96,56,Medium
2025-07-19 17:00:00,6.8,70,Medium
2025-07-19 18:00:00,4.45,82,Medium
2025-07-19 19:00:00,4.35,22,Low
2025-07-19 20:00:00,0.24,0,Idle
2025-07-19 21:00:00,1.71,20,Low
2025-07-19 22:00:00,2.48,31,Low
2025-07-19 23:00:00,1.96,31,Low
2025-07-20 00:00:00,5.06,93,High
2025-07-20 01:00:00,1.02,20,Low
2025-07-20 02:00:00,0.41,0,Idle
2025-07-20 03:00:00,1.92,31,Low
2025-07-20 04:00:00,2.34,34,Low
2025-07-20 05:00:00,3.0,46,Medium
2025-07-20 06:00:00,2.51,61,Medium
2025-07-20 07:00:00,4.7,36,Medium
2025-07-20 08:00:00,4.44,58,Medium
2025-07-20 09:00:00,3.91,33,Low
2025-07-20 10:00:00,3.95,23,Medium
2025-07-20 11:00:00,0.68,0,Idle
2025-07-20 12:00:00,0.88,0,Idle
2025-07-20 13:00:00,0.43,0,Idle
2025-07-20 14:00:00,3.99,78,Medium
2025-07-20 15:00:00,0.98,18,Low
2025-07-20 16:00:00,0.91,0,Idle
2025-07-20 17:00:00,1.36,43,Low
2025-07-20 18:00:00,0.34,0,Idle
2025-07-20 19:00:00,6.63,67,Medium
2025-07-20 20:00:00,1.5,47,Low
2025-07-20 21:00:00,1.21,5,Low
2025-07-20 22:00:00,1.69,52,Low
2025-07-20 23:00:00,5.16,31,Medium
2025-07-21 00:00:00,0.82,48,Low
2025-07-21 01:00:00,0.82,0,Idle
2025-07-21 02:00:00,0.36,0,Idle
2025-07-21 03:00:00,8.36,77,High
2025-07-21 04:00:00,5.77,89,High
2025-07-21 05:00:00,4.55,101,Medium
2025-07-21 06:00:00,4.44,52,Low
2025-07-21 07:00:00,8.57,112,High
2025-07-21 08:00:00,6.1,72,Medium
2025-07-21 09:00:00,3.47,76,Medium
2025-07-21 10:00:00,1.98,44,Low
2025-07-21 11:00:00,0.91,8,Low
2025-07-21 12:00:00,0.22,0,Idle
2025-07-21 13:00:00,5.33,69,High
2025-07-21 14:00:00,3.42,60,Low
2025-07-21 15:00:00,1.97,38,Low
2025-07-21 16:00:00,3.0,35,Low
2025-07-21 17:00:00,3.15,45,Medium
2025-07-21 18:00:00,0.37,0,Idle
2025-07-21 19:00:00,7.04,68,High
2025-07-21 20:00:00,2.52,63,Medium
2025-07-21 21:00:00,6.97,81,Medium
2025-07-21 22:00:00,1.27,38,Low
2025-07-21 23:00:00,6.46,61,Medium
2025-07-22 00:00:00,5.3,62,Medium
2025-07-22 01:00:00,2.73,42,Medium
2025-07-22 02:00:00,0.49,0,Idle
2025-07-22 03:00:00,3.26,8,Low
2025-07-22 04:00:00,0.22,0,Idle
2025-07-22 05:00:00,3.0,50,Low
2025-07-22 06:00:00,4.03,35,Low
2025-07-22 07:00:00,0.81,0,Idle
2025-07-22 08:00:00,0.75,0,Idle
2025-07-22 09:00:00,4.28,71,Medium
2025-07-22 10:00:00,0.93,0,Idle
2025-07-22 11:00:00,7.33,92,High
2025-07-22 12:00:00,6.93,59,Medium
2025-07-22 13:00:00,2.7,31,Low
2025-07-22 14:00:00,6.08,69,Medium
2025-07-22 15:00:00,0.61,0,Idle
2025-07-22 16:00:00,4.97,101,High
2025-07-22 17:00:00,2.26,38,Low
2025-07-22 18:00:00,3.17,44,Medium
2025-07-22 19:00:00,0.38,0,Idle
2025-07-22 20:00:00,1.54,17,Low
2025-07-22 21:00:00,2.54,7,Low
2025-07-22 22:00:00,8.89,95,High
2025-07-22 23:00:00,4.83,86,Medium
2025-07-23 00:00:00,3.51,40,Low
2025-07-23 01:00:00,2.91,18,Low
2025-07-23 02:00:00,4.14,23,Low
2025-07-23 03:00:00,3.75,30,Low
2025-07-23 04:00:00,1.56,62,Low
2025-07-23 05:00:00,0.22,0,Idle
2025-07-23 06:00:00,6.91,65,Medium
2025-07-23 07:00:00,8.1,93,High
2025-07-23 08:00:00,0.59,0,Idle
2025-07-23 09:00:00,3.94,105,Medium
2025-07-23 10:00:00,0.78,0,Idle
2025-07-23 11:00:00,4.34,82,Medium
2025-07-23 12:00:00,4.26,27,Low
2025-07-23 13:00:00,3.39,65,Medium
2025-07-23 14:00:00,4.27,65,Medium
2025-07-23 15:00:00,3.23,72,Medium
2025-07-23 16:00:00,0.54,0,Idle
2025-07-23 17:00:00,9.27,75,High
2025-07-23 18:00:00,1.17,34,Low
2025-07-23 19:00:00,1.08,0,Idle
2025-07-23 20:00:00,3.75,79,Medium
2025-07-23 21:00:00,1.49,28,Low
2025-07-23 22:00:00,4.61,64,Medium
2025-07-23 23:00:00,2.7,46,Medium
2025-07-24 00:00:00,4.35,35,Low
2025-07-24 01:00:00,6.98,55,High
2025-07-24 02:00:00,1.73,31,Low
2025-07-24 03:00:00,3.63,34,Low
2025-07-24 04:00:00,4.14,49,Low
2025-07-24 05:00:00,9.41,71,High
2025-07-24 06:00:00,0.27,0,Idle
2025-07-24 07:00:00,0.34,0,Idle
2025-07-24 08:00:00,1.93,28,Low
2025-07-24 09:00:00,4.98,60,High
2025-07-24 10:00:00,7.58,83,High
2025-07-24 11:00:00,3.24,65,Medium
2025-07-24 12:00:00,5.3,115,High
2025-07-24 13:00:00,7.42,77,High
2025-07-24 14:00:00,1.9,11,Low
2025-07-24 15:00:00,2.3,36,Low
2025-07-24 16:00:00,5.98,93,Medium
2025-07-24 17:00:00,6.74,102,Medium
2025-07-24 18:00:00,4.12,15,Low
2025-07-24 19:00:00,0.46,0,Idle
2025-07-24 20:00:00,6.31,51,Medium
2025-07-24 21:00:00,2.33,43,Low
2025-07-24 22:00:00,5.73,114,High
2025-07-24 23:00:00,3.95,56,Low
2025-07-25 00:00:00,0.73,0,Idle
2025-07-25 01:00:00,3.62,31,Medium
2025-07-25 02:00:00,0.36,0,Idle
2025-07-25 03:00:00,1.14,0,Idle
2025-07-25 04:00:00,6.5,54,Medium
2025-07-25 05:00:00,7.09,132,High
2025-07-25 06:00:00,0.73,0,Idle
2025-07-25 07:00:00,2.79,31,Low
2025-07-25 08:00:00,3.09,65,Medium
2025-07-25 09:00:00,9.26,118,High
2025-07-25 10:00:00,4.33,39,Low
2025-07-25 11:00:00,0.75,0,Idle
2025-07-25 12:00:00,0.41,0,Idle
2025-07-25 13:00:00,1.74,49,Low
2025-07-25 14:00:00,0.32,0,Idle
2025-07-25 15:00:00,6.63,80,Medium
2025-07-25 16:00:00,0.81,0,Idle
2025-07-25 17:00:00,2.52,39,Low
2025-07-25 18:00:00,4.89,71,Medium
2025-07-25 19:00:00,6.95,71,Medium
2025-07-25 20:00:00,0.94,0,Idle
2025-07-25 21:00:00,4.61,73,Medium
2025-07-25 22:00:00,6.64,44,Medium
2025-07-25 23:00:00,2.73,89,Medium
2025-07-26 00:00:00,0.99,0,Idle
2025-07-26 01:00:00,0.82,0,Idle
2025-07-26 02:00:00,8.25,103,High
2025-07-26 03:00:00,1.58,36,Low
2025-07-26 04:00:00,2.42,33,Low
2025-07-26 05:00:00,0.81,14,Low
2025-07-26 06:00:00,3.76,51,Medium
2025-07-26 07:00:00,6.79,95,High
2025-07-26 08:00:00,1.36,33,Low
2025-07-26 09:00:00,6.46,107,High
2025-07-26 10:00:00,0.52,0,Idle
2025-07-26 11:00:00,5.77,84,Medium
2025-07-26 12:00:00,5.47,39,Medium
2025-07-26 13:00:00,0.67,0,Idle
2025-07-26 14:00:00,1.15,0,Idle
2025-07-26 15:00:00,2.07,38,Low
2025-07-26 16:00:00,7.89,102,High
2025-07-26 17:00:00,2.68,39,Medium
2025-07-26 18:00:00,8.96,88,High
2025-07-26 19:00:00,5.47,80,Medium
2025-07-26 20:00:00,4.31,61,Low
2025-07-26 21:00:00,5.82,63,Medium
2025-07-26 22:00:00,0.76,0,Idle
2025-07-26 23:00:00,0.92,0,Idle
2025-07-27 00:00:00,4.79,67,Medium
2025-07-27 01:00:00,4.39,63,Medium
2025-07-27 02:00:00,2.07,28,Low
2025-07-27 03:00:00,2.43,35,Low
2025-07-27 04:00:00,2.91,77,Medium
2025-07-27 05:00:00,7.78,110,High
2025-07-27 06:00:00,2.59,42,Medium
2025-07-27 07:00:00,1.53,27,Low
2025-07-27 08:00:00,3.98,19,Low
2025-07-27 09:00:00,3.27,35,Low
2025-07-27 10:00:00,3.74,58,Medium
2025-07-27 11:00:00,5.92,101,High
2025-07-27 12:00:00,4.17,41,Low
2025-07-27 13:00:00,2.81,5,Low
2025-07-27 14:00:00,4.33,5,Low
2025-07-27 15:00:00,3.65,64,Medium
2025-07-27 16:00:00,3.94,86,Medium
2025-07-27 17:00:00,0.6,0,Idle
2025-07-27 18:00:00,0.89,0,Idle
2025-07-27 19:00:00,2.6,55,Medium
2025-07-27 20:00:00,1.08,0,Idle
2025-07-27 21:00:00,5.25,54,Medium
2025-07-27 22:00:00,4.26,45,Low
2025-07-27 23:00:00,0.52,0,Idle
2025-07-28 00:00:00,7.22,108,High
2025-07-28 01:00:00,0.83,0,Idle
2025-07-28 02:00:00,2.04,22,Low
2025-07-28 03:00:00,1.11,0,Idle
2025-07-28 04:00:00,1.12,0,Idle
2025-07-28 05:00:00,1.04,0,Idle
2025-07-28 06:00:00,1.18,0,Idle
2025-07-28 07:00:00,0.94,0,Idle
2025-07-28 08:00:00,0.96,0,Idle
2025-07-28 09:00:00,5.93,105,Medium
2025-07-28 10:00:00,4.55,91,Medium
2025-07-28 11:00:00,3.19,41,Low
2025-07-28 12:00:00,1.75,41,Low
2025-07-28 13:00:00,2.32,56,Low
2025-07-28 14:00:00,8.58,117,High
2025-07-28 15:00:00,5.34,93,High
2025-07-28 16:00:00,0.54,0,Idle
2025-07-28 17:00:00,1.0,0,Idle
2025-07-28 18:00:00,3.9,33,Low
2025-07-28 19:00:00,3.67,18,Low
2025-07-28 20:00:00,4.26,36,Medium
2025-07-28 21:00:00,1.51,38,Low
2025-07-28 22:00:00,0.62,0,Idle
2025-07-28 23:00:00,3.09,26,Low
2025-07-29 00:00:00,4.43,38,Low
2025-07-29 01:00:00,0.34,0,Idle
2025-07-29 02:00:00,6.06,66,Medium
2025-07-29 03:00:00,1.08,0,Idle
2025-07-29 04:00:00,7.82,67,High
2025-07-29 05:00:00,1.03,0,Idle
2025-07-29 06:00:00,3.29,60,Medium
2025-07-29 07:00:00,7.26,95,High
2025-07-29 08:00:00,7.93,98,High
2025-07-29 09:00:00,6.96,87,Medium
2025-07-29 10:00:00,2.93,73,Medium
2025-07-29 11:00:00,6.89,87,Medium
2025-07-29 12:00:00,4.58,76,Medium
2025-07-29 13:00:00,0.25,0,Idle
2025-07-29 14:00:00,3.29,18,Low
2025-07-29 15:00:00,3.71,14,Low
2025-07-29 16:00:00,8.61,121,High
2025-07-29 17:00:00,1.99,57,Low
2025-07-29 18:00:00,3.77,17,Low
2025-07-29 19:00:00,6.52,66,Medium
2025-07-29 20:00:00,4.05,52,Low
2025-07-29 21:00:00,0.35,0,Idle
2025-07-29 22:00:00,2.78,20,Low
2025-07-29 23:00:00,1.0,35,Low
2025-07-30 00:00:00,2.41,31,Low
2025-07-30 01:00:00,0.93,30,Low
2025-07-30 02:00:00,3.85,33,Low
2025-07-30 03:00:00,1.34,5,Low
2025-07-30 04:00:00,3.85,31,Low
2025-07-30 05:00:00,6.19,89,Medium
2025-07-30 06:00:00,2.26,54,Low
2025-07-30 07:00:00,5.79,95,High
2025-07-30 08:00:00,7.02,95,High
2025-07-30 09:00:00,2.52,5,Low
2025-07-30 10:00:00,1.61,26,Low
2025-07-30 11:00:00,3.58,45,Low
2025-07-30 12:00:00,2.89,58,Medium
2025-07-30 13:00:00,3.29,83,Medium
2025-07-30 14:00:00,4.29,82,Medium
2025-07-30 15:00:00,1.31,26,Low
2025-07-30 16:00:00,4.52,66,Medium
2025-07-30 17:00:00,4.04,57,Low
2025-07-30 18:00:00,6.43,39,Medium
2025-07-30 19:00:00,1.62,29,Low
2025-07-30 20:00:00,3.8,37,Medium
2025-07-30 21:00:00,7.33,77,High
2025-07-30 22:00:00,1.03,0,Idle
2025-07-30 23:00:00,5.7,57,Medium
2025-07-31 00:00:00,0.25,0,Idle
2025-07-31 01:00:00,5.21,30,Medium
2025-07-31 02:00:00,0.46,0,Idle
2025-07-31 03:00:00,6.59,93,High
2025-07-31 04:00:00,1.03,0,Idle
2025-07-31 05:00:00,7.31,97,High
2025-07-31 06:00:00,3.72,72,Medium
2025-07-31 07:00:00,3.92,80,Medium
2025-07-31 08:00:00,5.54,76,Medium
2025-07-31 09:00:00,2.5,40,Medium
2025-07-31 10:00:00,8.97,102,High
2025-07-31 11:00:00,1.44,32,Low
2025-07-31 12:00:00,4.61,83,Medium
2025-07-31 13:00:00,1.14,0,Idle
2025-07-31 14:00:00,2.77,99,Medium
2025-07-31 15:00:00,0.79,0,Idle
2025-07-31 16:00:00,3.38,48,Medium
2025-07-31 17:00:00,3.46,45,Medium
2025-07-31 18:00:00,1.57,27,Low
2025-07-31 19:00:00,1.45,33,Low
2025-07-31 20:00:00,6.37,52,Medium
2025-07-31 21:00:00,4.12,49,Medium
2025-07-31 22:00:00,2.12,39,Low
2025-07-31 23:00:00,5.25,56,Medium
2025-08-01 00:00:00,8.94,80,High
2025-08-01 01:00:00,0.3,0,Idle
2025-08-01 02:00:00,0.31,0,Idle
2025-08-01 03:00:00,0.32,0,Idle
2025-08-01 04:00:00,5.29,43,Medium
2025-08-01 05:00:00,3.95,34,Low
2025-08-01 06:00:00,6.19,72,Medium
2025-08-01 07:00:00,6.99,48,Medium
2025-08-01 08:00:00,2.28,45,Low
2025-08-01 09:00:00,9.24,106,High
2025-08-01 10:00:00,6.13,55,Medium
2025-08-01 11:00:00,4.42,17,Low
2025-08-01 12:00:00,2.63,5,Low
2025-08-01 13:00:00,2.21,39,Low
2025-08-01 14:00:00,0.78,0,Idle
2025-08-01 15:00:00,0.33,0,Idle
2025-08-01 16:00:00,6.11,107,High
2025-08-01 17:00:00,1.18,54,Low
2025-08-01 18:00:00,2.98,60,Low
2025-08-01 19:00:00,4.34,83,Medium
2025-08-01 20:00:00,5.35,57,Medium
2025-08-01 21:00:00,9.16,91,High
2025-08-01 22:00:00,3.98,82,Medium
2025-08-01 23:00:00,2.9,23,Low
2025-08-02 00:00:00,3.24,24,Low
2025-08-02 01:00:00,6.1,110,High
2025-08-02 02:00:00,4.2,96,Medium
2025-08-02 03:00:00,5.33,114,High
2025-08-02 04:00:00,0.59,0,Idle
2025-08-02 05:00:00,5.57,86,High
2025-08-02 06:00:00,5.9,62,Medium
2025-08-02 07:00:00,1.03,0,Idle
2025-08-02 08:00:00,6.67,76,Medium
2025-08-02 09:00:00,5.51,92,Medium
2025-08-02 10:00:00,1.15,0,Idle
2025-08-02 11:00:00,2.25,40,Low
2025-08-02 12:00:00,5.11,65,Medium
2025-08-02 13:00:00,0.94,59,Low
2025-08-02 14:00:00,2.88,31,Low
2025-08-02 15:00:00,3.55,5,Low
2025-08-02 16:00:00,2.64,46,Low
2025-08-02 17:00:00,4.53,100,High
2025-08-02 18:00:00,3.99,64,Medium
2025-08-02 19:00:00,0.57,0,Idle
2025-08-02 20:00:00,7.33,98,High
2025-08-02 21:00:00,5.3,87,High
2025-08-02 22:00:00,2.64,38,Low
2025-08-02 23:00:00,6.84,36,Medium
2025-08-03 00:00:00,1.06,0,Idle
2025-08-03 01:00:00,5.44,75,High
2025-08-03 02:00:00,6.45,27,Medium
2025-08-03 03:00:00,6.15,78,Medium
2025-08-03 04:00:00,0.76,0,Idle
2025-08-03 05:00:00,9.41,75,High
2025-08-03 06:00:00,0.62,0,Idle
2025-08-03 07:00:00,2.17,29,Low
2025-08-03 08:00:00,0.32,0,Idle
2025-08-03 09:00:00,6.08,52,Medium
2025-08-03 10:00:00,0.48,0,Idle
2025-08-03 11:00:00,6.02,131,High
2025-08-03 12:00:00,2.61,71,Medium
2025-08-03 13:00:00,0.66,0,Idle
2025-08-03 14:00:00,0.89,0,Idle
2025-08-03 15:00:00,0.36,0,Idle
2025-08-03 16:00:00,5.51,64,Medium
2025-08-03 17:00:00,5.28,69,Medium
2025-08-03 18:00:00,2.51,39,Low
2025-08-03 19:00:00,3.46,62,Medium
2025-08-03 20:00:00,0.39,0,Idle
2025-08-03 21:00:00,4.05,45,Medium
2025-08-03 22:00:00,9.24,100,High
2025-08-03 23:00:00,6.14,98,Medium
2025-08-04 00:00:00,2.86,76,Medium
2025-08-04 01:00:00,6.42,61,Medium
2025-08-04 02:00:00,0.63,0,Idle
2025-08-04 03:00:00,2.39,41,Low
2025-08-04 04:00:00,0.73,0,Idle
2025-08-04 05:00:00,4.48,69,Low
2025-08-04 06:00:00,2.68,51,Medium
2025-08-04 07:00:00,3.86,63,Medium
2025-08-04 08:00:00,4.73,106,High
2025-08-04 09:00:00,1.04,0,Idle
2025-08-04 10:00:00,3.03,77,Medium
2025-08-04 11:00:00,1.03,0,Idle
2025-08-04 12:00:00,1.38,29,Low
2025-08-04 13:00:00,6.62,57,Medium
2025-08-04 14:00:00,6.49,87,High
2025-08-04 15:00:00,2.78,33,Medium
2025-08-04 16:00:00,0.51,0,Idle
2025-08-04 17:00:00,3.35,71,Medium
2025-08-04 18:00:00,1.16,0,Idle
2025-08-04 19:00:00,4.97,119,High
2025-08-04 20:00:00,5.69,37,Medium
2025-08-04 21:00:00,1.18,0,Idle
2025-08-04 22:00:00,1.04,0,Idle
2025-08-04 23:00:00,1.14,0,Idle
2025-08-05 00:00:00,5.13,102,High
2025-08-05 01:00:00,2.82,37,Low
2025-08-05 02:00:00,6.55,91,Medium
2025-08-05 03:00:00,5.67,20,Medium
2025-08-05 04:00:00,4.55,62,Medium
2025-08-05 05:00:00,0.56,0,Idle
2025-08-05 06:00:00,6.46,119,High
2025-08-05 07:00:00,1.09,40,Low
2025-08-05 08:00:00,4.51,52,Medium
2025-08-05 09:00:00,5.25,55,Medium
2025-08-05 10:00:00,3.21,31,Medium
2025-08-05 11:00:00,9.38,107,High
2025-08-05 12:00:00,0.72,0,Idle
2025-08-05 13:00:00,4.26,13,Low
2025-08-05 14:00:00,1.67,30,Low
2025-08-05 15:00:00,1.37,27,Low
2025-08-05 16:00:00,0.4,0,Idle
2025-08-05 17:00:00,0.77,0,Idle
2025-08-05 18:00:00,4.18,44,Low
2025-08-05 19:00:00,3.12,42,Low
2025-08-05 20:00:00,3.76,68,Low
2025-08-05 21:00:00,6.39,87,Medium
2025-08-05 22:00:00,4.07,49,Medium
2025-08-05 23:00:00,1.64,49,Low
2025-08-06 00:00:00,4.3,35,Low
2025-08-06 01:00:00,3.65,31,Low
2025-08-06 02:00:00,3.32,90,Medium
2025-08-06 03:00:00,3.22,21,Low
2025-08-06 04:00:00,0.63,0,Idle
2025-08-06 05:00:00,1.65,44,Low
2025-08-06 06:00:00,1.42,30,Low
2025-08-06 07:00:00,1.5,21,Low
2025-08-06 08:00:00,4.74,69,Medium
2025-08-06 09:00:00,4.79,57,Medium
2025-08-06 10:00:00,6.98,42,Medium
2025-08-06 11:00:00,4.65,53,Medium
2025-08-06 12:00:00,2.8,39,Medium
2025-08-06 13:00:00,1.64,32,Low
2025-08-06 14:00:00,2.73,105,Medium
2025-08-06 15:00:00,2.54,30,Low
2025-08-06 16:00:00,2.56,30,Low
2025-08-06 17:00:00,6.2,63,Medium
2025-08-06 18:00:00,3.69,57,Low
2025-08-06 19:00:00,3.16,69,Low
2025-08-06 20:00:00,5.34,97,Medium
2025-08-06 21:00:00,7.81,114,High
2025-08-06 22:00:00,9.3,77,High
2025-08-06 23:00:00,2.37,49,Low
2025-08-07 00:00:00,2.67,15,Low
2025-08-07 01:00:00,4.57,39,Medium
2025-08-07 02:00:00,3.56,36,Low
2025-08-07 03:00:00,3.39,64,Medium
2025-08-07 04:00:00,3.56,32,Low
2025-08-07 05:00:00,0.47,0,Idle
2025-08-07 06:00:00,0.31,0,Idle
2025-08-07 07:00:00,6.8,57,Medium
2025-08-07 08:00:00,0.4,0,Idle
2025-08-07 09:00:00,1.88,43,Low
2025-08-07 10:00:00,4.07,39,Low
2025-08-07 11:00:00,0.91,0,Idle
2025-08-07 12:00:00,1.45,48,Low
2025-08-07 13:00:00,4.65,70,Medium
2025-08-07 14:00:00,0.47,0,Idle
2025-08-07 15:00:00,3.89,64,Medium
2025-08-07 16:00:00,7.25,73,High
2025-08-07 17:00:00,1.06,18,Low
2025-08-07 18:00:00,0.98,0,Idle
2025-08-07 19:00:00,5.87,77,Medium
2025-08-07 20:00:00,0.65,0,Idle
2025-08-07 21:00:00,3.84,25,Low
2025-08-07 22:00:00,6.3,101,High
2025-08-07 23:00:00,6.84,104,High
2025-08-08 00:00:00,3.58,64,Medium
2025-08-08 01:00:00,1.96,36,Low
2025-08-08 02:00:00,3.09,74,Medium
2025-08-08 03:00:00,3.86,29,Medium
2025-08-08 04:00:00,1.67,38,Low
2025-08-08 05:00:00,6.69,88,Medium
2025-08-08 06:00:00,0.84,0,Idle
2025-08-08 07:00:00,4.01,15,Low
2025-08-08 08:00:00,3.07,31,Low
2025-08-08 09:00:00,1.11,0,Idle
2025-08-08 10:00:00,0.99,0,Idle
2025-08-08 11:00:00,4.57,86,Medium
2025-08-08 12:00:00,4.58,52,High
2025-08-08 13:00:00,4.72,74,Medium
2025-08-08 14:00:00,5.06,82,Medium
2025-08-08 15:00:00,8.68,135,High
2025-08-08 16:00:00,0.43,0,Idle
2025-08-08 17:00:00,3.73,9,Low
2025-08-08 18:00:00,4.48,57,Low
2025-08-08 19:00:00,1.09,0,Idle
2025-08-08 20:00:00,3.91,69,Medium
2025-08-08 21:00:00,1.79,55,Low
2025-08-08 22:00:00,4.27,8,Low
2025-08-08 23:00:00,0.76,0,Idle
2025-08-09 00:00:00,0.5,0,Idle
2025-08-09 01:00:00,5.35,63,High
2025-08-09 02:00:00,0.26,0,Idle
2025-08-09 03:00:00,4.31,29,Low
2025-08-09 04:00:00,3.89,25,Low
2025-08-09 05:00:00,1.51,46,Low
2025-08-09 06:00:00,6.15,62,Medium
2025-08-09 07:00:00,4.18,37,Low
2025-08-09 08:00:00,0.88,0,Idle
2025-08-09 09:00:00,3.81,20,Low
2025-08-09 10:00:00,3.74,44,Medium
2025-08-09 11:00:00,3.69,78,Medium
2025-08-09 12:00:00,4.45,65,Medium
2025-08-09 13:00:00,5.99,71,Medium
2025-08-09 14:00:00,4.2,38,Medium
2025-08-09 15:00:00,0.41,0,Idle
2025-08-09 16:00:00,0.82,50,Low
2025-08-09 17:00:00,4.48,40,Low
2025-08-09 18:00:00,1.57,32,Low
2025-08-09 19:00:00,6.14,52,Medium
2025-08-09 20:00:00,2.26,10,Low
2025-08-09 21:00:00,4.17,81,Medium
2025-08-09 22:00:00,5.48,85,High
2025-08-09 23:00:00,2.57,13,Low
2025-08-10 00:00:00,7.71,80,High
2025-08-10 01:00:00,6.92,73,Medium
2025-08-10 02:00:00,6.52,99,High
2025-08-10 03:00:00,1.71,18,Low
2025-08-10 04:00:00,3.59,51,Low
2025-08-10 05:00:00,2.53,13,Low
2025-08-10 06:00:00,0.39,0,Idle
2025-08-10 07:00:00,2.52,42,Low
2025-08-10 08:00:00,8.48,90,High
2025-08-10 09:00:00,6.11,70,Medium
2025-08-10 10:00:00,0.47,0,Idle
2025-08-10 11:00:00,1.74,36,Low
2025-08-10 12:00:00,1.14,0,Idle
2025-08-10 13:00:00,0.6,0,Idle
2025-08-10 14:00:00,5.62,59,High
2025-08-10 15:00:00,2.28,23,Low
2025-08-10 16:00:00,1.4,35,Low
2025-08-10 17:00:00,6.02,86,Medium
2025-08-10 18:00:00,1.12,0,Idle
2025-08-10 19:00:00,3.95,5,Low
2025-08-10 20:00:00,3.52,71,Medium
2025-08-10 21:00:00,6.4,43,Medium
2025-08-10 22:00:00,7.59,97,High
2025-08-10 23:00:00,3.08,70,Medium
